UtcTime,QuaternionNormRaw,ValidQuaternion,BodyRateXDegps,BodyRateYDegps,BodyRateZDegps,TotalRateDegps,StableRateFlag,ElevationDeg,AzimuthDeg,RangeKm,Sunlit,NadirErrorDeg,SunErrorDeg,GroundStationPointingErrorDeg,VisibleFromZhongli,SensorCandidateAtTelemetryTime
22-Apr-2026 04:24:32,0.99226272206158,1,-0.023350606,0.03682717,-0.008716372,0.0444687125023709,1,-32.5159526370905,345.933269091802,7870.40235103415,1,83.244816273689,89.5630059697534,132.698000002934,0,0
22-Apr-2026 04:24:42,0.992262891195962,1,-0.02212238,0.031583678,0.0036127833,0.0387295832154807,1,-32.8315870573873,345.636817203377,7922.90399886581,1,83.7378192432355,89.6087577838746,132.912585935195,0,0
22-Apr-2026 04:24:52,0.992261796206358,1,-0.015591598,0.038892463,-0.0015626058,0.0419304584196997,1,-33.1472232298171,345.342993575489,7975.29711103713,1,84.1944128405836,89.6399180698344,133.104714258484,0,0
22-Apr-2026 04:25:02,0.992261696041668,1,-0.016387897,0.046179708,0.00820844,0.0496840727626216,1,-33.4628572056595,345.051720028919,8027.57742800701,1,84.6436186523027,89.6670547959873,133.292134275204,0,0
22-Apr-2026 04:25:12,0.992261557115411,1,-0.022033129,0.043463066,-0.0019583732,0.0487681464199889,1,-33.7784851150342,344.762919778028,8079.740753337,1,85.095903064026,89.6915101347162,133.481937421404,0,0
22-Apr-2026 04:25:22,0.992262131258123,1,-0.017560134,0.04330917,0.0030032054,0.0468301372500812,1,-34.0941033110171,344.476517569137,8131.78297700016,1,85.5228532573664,89.7219941668023,133.650937101769,0,0
22-Apr-2026 04:25:32,0.992261749152213,1,-0.020532502,0.038119134,0.0005314007,0.0433005127220674,1,-34.409708182141,344.192439396382,8183.70004385066,1,86.0002441794888,89.7353959707164,133.860968490962,0,0
22-Apr-2026 04:25:42,0.992261847814227,1,-0.015968211,0.03547139,0.000577848,0.0389042051632433,1,-34.7252963011641,343.910612657206,8235.48797762538,1,86.4835761728386,89.7360093506976,134.078863309764,0,0
22-Apr-2026 04:25:52,0.992261013298757,1,-0.021337993,0.03536044,-0.004382807,0.0415316705594766,1,-35.0408643501293,343.630966016145,8287.14286799767,1,86.9541149552297,89.7451554596028,134.284158844242,0,0
22-Apr-2026 04:26:02,0.992260317004323,1,-0.016682032,0.037738364,0.003172256,0.0413828166897211,1,-35.3564090391042,343.353429240866,8338.6608567647,1,87.4307515782794,89.7535964410057,134.49338748886,0,0
22-Apr-2026 04:26:12,0.992260739406643,1,-0.014471203,0.035086486,-0.0042707357,0.0381931459756153,1,-35.6719272413123,343.077933363264,8390.0381594224,1,87.8846377700773,89.7762353785267,134.681089860847,0,0
22-Apr-2026 04:26:22,0.992260967087958,1,-0.022219893,0.03495961,-0.009208953,0.0424346885418022,1,-35.9874159160116,342.804410531823,8441.27105195565,1,88.3467546622321,89.7925263901115,134.876167342074,0,0
22-Apr-2026 04:26:32,0.992260924880049,1,-0.02747826,0.03978873,-0.009140564,0.0492112560079358,1,-36.3028720251987,342.532793836651,8492.35585681994,1,88.8198848156621,89.8083813706304,135.078508851227,0,0
22-Apr-2026 04:26:42,0.992261182888402,1,-0.022745801,0.032112557,-0.004073374,0.0395623578159053,1,-36.6182926763684,342.263017501747,8543.28896559942,1,89.3003474723398,89.8189478022767,135.287171361602,0,0
22-Apr-2026 04:26:52,0.992261876642746,1,-0.02802664,0.039418794,-0.0065065087,0.0488023413943144,1,-36.9336750426235,341.995016725068,8594.06682546481,1,89.7836156487776,89.8306004263749,135.496780282539,0,0
22-Apr-2026 04:27:02,0.992263010153021,1,-0.018306253,0.036719937,-0.0039492003,0.0412197629201515,1,-37.2490162777275,341.728727493295,8644.68592503766,1,90.2575248317714,89.8490132583698,135.696851463229,0,0
22-Apr-2026 04:27:12,0.992264478077023,1,-0.031100733,0.03150009,-0.00139617,0.0442883794444354,1,-37.5643136655317,341.464086803459,8695.14281795485,1,90.7367428298411,89.8695774776171,135.899197976739,0,0
22-Apr-2026 04:27:22,0.992266328653986,1,-0.023910305,0.048771784,-0.0013832934,0.0543351000768947,1,-37.879564538001,341.201032491868,8745.43410912953,1,91.2273534466537,89.8735714038261,136.114695732297,0,0
22-Apr-2026 04:27:32,0.992267176964424,1,-0.024207361,0.036053296,-0.0038712332,0.0435984280168072,1,-38.1947661877658,340.939503037215,8795.55644038351,1,91.70158771298,89.8853302888769,136.315498046539,0,0
22-Apr-2026 04:27:42,0.992266979061557,1,-0.037006043,0.043290105,-0.006377049,0.0573074791225131,1,-38.5099160241194,340.679437811064,8845.50651488006,1,92.1794273516847,89.904097781736,136.515646428125,0,0
22-Apr-2026 04:27:52,0.992267304061294,1,-0.027326643,0.038036067,-0.006386494,0.0472681194473609,1,-38.8250114893883,340.42077689651,8895.28108327634,1,92.6720285943826,89.9064683503623,136.731233299193,0,0
22-Apr-2026 04:28:02,0.992267473559344,1,-0.02513684,0.035263374,-0.0038633824,0.0434774883660281,1,-39.1400499682882,340.163460878227,8944.87692903593,1,93.1587569145132,89.9196565904778,136.938228006711,0,0
22-Apr-2026 04:28:12,0.992267860290524,1,-0.022934312,0.040003195,-0.0038238321,0.0462694280173243,1,-39.4550289511171,339.907431122828,8994.29089380138,1,93.6418237158258,89.9274280349389,137.144085965151,0,0
22-Apr-2026 04:28:22,0.99226811225193,1,-0.03073765,0.042222526,-0.006297801,0.0526042500828477,1,-39.7699459466728,339.652629583783,9043.51986317356,1,94.1245634186396,89.9340276783603,137.349587611726,0,0
22-Apr-2026 04:28:32,0.992268645616193,1,-0.026015647,0.041948676,-0.0037258582,0.0495013871149899,1,-40.0847983898537,339.398998581004,9092.56075195426,1,94.5984290498115,89.9522065284402,137.54416513768,0,0
22-Apr-2026 04:28:42,0.992269013360378,1,-0.028827006,0.039154906,-0.0036918907,0.0487620036066364,1,-40.399583811208,339.146481109281,9141.4105302952,1,95.0852982966491,89.9536872271686,137.753205177482,0,0
22-Apr-2026 04:28:52,0.992269113514377,1,-0.031639386,0.041359775,-0.0036376994,0.0522007144724321,1,-40.7142997465309,338.89502062949,9190.06620914785,1,95.5828808524283,89.954438971234,137.969138086532,0,0
22-Apr-2026 04:29:02,0.992269470741805,1,-0.026946066,0.038568124,-0.008591798,0.0478268716793032,1,-41.0289436433864,338.644560839119,9238.5248255572,1,96.0610585186431,89.9651858569816,138.167665338161,0,0
22-Apr-2026 04:29:12,0.992269943687741,1,-0.032252252,0.030767294,0.0039575743,0.0447492629379967,1,-41.3435130652605,338.395046069464,9286.78347387972,1,96.5503081475849,89.9674580450804,138.37624360342,0,0
22-Apr-2026 04:29:22,0.992271097073626,1,-0.03755824,0.037949048,-0.0034887292,0.0535062881111635,1,-41.6580054474743,338.146420739293,9334.83926790048,1,97.0289383175766,89.9777952238678,138.57407689284,0,0
22-Apr-2026 04:29:32,0.992271655005503,1,-0.030375555,0.037633203,-0.008423521,0.0490906102593426,1,-41.972418305879,337.898629768726,9382.68937263273,1,97.5241833537031,89.977115261416,138.786632518509,0,0
22-Apr-2026 04:29:42,0.992271250064152,1,-0.033190254,0.032316484,0.00413673,0.0465087156756631,1,-42.2867491425472,337.651618350515,9430.33098951452,1,98.0063352801053,89.9861185834967,138.986161512742,0,0
22-Apr-2026 04:29:52,0.992271720926694,1,-0.036007803,0.03450619,-0.013298851,0.0516149054355727,1,-42.6009953470963,337.405331698109,9477.76134130283,1,98.4996406980732,89.9846257100194,139.196578500173,0,0
22-Apr-2026 04:30:02,0.992272776183656,1,-0.03132033,0.034221746,-0.0057381494,0.0467441689319014,1,-42.9151543811878,337.159715423478,9524.97769983661,1,98.9938869656623,89.9758176325376,139.409888074594,0,0
22-Apr-2026 04:30:12,0.992273039171544,1,-0.031616904,0.041437026,-0.010663536,0.0532011911736306,1,-43.2292236823399,336.914715297298,9571.97737117535,1,99.4867481960219,89.9714247867828,139.620002040743,0,0
22-Apr-2026 04:30:22,0.99227303549284,1,-0.03438529,0.036210027,-0.015596324,0.0523140473108113,1,-43.5432005614228,336.67027698155,9618.75768017522,1,99.9759902713866,89.9591468024382,139.830264577364,0,0
22-Apr-2026 04:30:32,0.992273201986916,1,-0.034654215,0.03344752,-0.0080123525,0.0488246761791707,1,-43.8570823938349,336.426346435239,9665.31599896076,1,100.458281008,89.9632363874012,140.028976124864,0,0
22-Apr-2026 04:30:42,0.99227295337351,1,-0.044918854,0.028171029,-0.012911442,0.0545711980270868,1,-44.170866519821,336.182869659628,9711.64973178142,1,100.939334261105,89.9710845088387,140.224816569677,0,0
22-Apr-2026 04:30:52,0.992272888299337,1,-0.037713736,0.027875783,-0.0078104245,0.0475435368037653,1,-44.4845501403173,335.939792420057,9757.7562996161,1,101.425185431065,89.9742911823561,140.425081285589,0,0
22-Apr-2026 04:31:02,0.992273643729715,1,-0.03303113,0.03752948,-0.010195532,0.0510241735936049,1,-44.7981305125242,335.697060674082,9803.63316897954,1,101.914919286392,89.9841994842351,140.62463256005,0,0
22-Apr-2026 04:31:12,0.992274232481765,1,-0.038355954,0.032178767,-0.012621036,0.0516327686900838,1,-45.1116048478463,335.454620304021,9849.27783668428,1,102.3985468768,89.9934056344213,140.819882007383,0,0
22-Apr-2026 04:31:22,0.992274532834743,1,-0.0336837,0.03682274,-0.012549459,0.0514586702897605,1,-45.4249702048734,335.212416824904,9894.68781431302,1,102.875471208314,90.0065065676432,141.008616531846,0,0
22-Apr-2026 04:31:32,0.992274616872643,1,-0.029013142,0.028972888,-0.007503753,0.0416832934982076,1,-45.7382236906626,334.970395837764,9939.86065752322,1,103.36698940301,90.0018151768538,141.21343522102,0,0
22-Apr-2026 04:31:42,0.992274858456382,1,-0.03430623,0.04364725,-0.017449679,0.058193566195744,1,-46.0513623554388,334.728502747153,9984.79395060803,1,103.84606045408,89.9981341437876,141.409204950145,0,0
22-Apr-2026 04:31:52,0.992274276331585,1,-0.042100508,0.03582396,-0.009874149,0.0561543204251807,1,-46.3643830835243,334.486682456932,10029.4852909743,1,104.331715831305,89.9942424322617,141.608771798447,0,0
22-Apr-2026 04:32:02,0.992274911093168,1,-0.037400626,0.04049037,-0.01478837,0.0570698937723357,1,-46.6772827982837,334.244879843315,10073.9323186192,1,104.810689940665,89.9976270142433,141.800500552491,0,0
22-Apr-2026 04:32:12,0.992275509726535,1,-0.035209607,0.030156545,-0.017209942,0.0494501338226181,1,-46.9900583560549,334.003039463137,10118.1327008662,1,105.299632179017,89.9925901373997,142.001547187914,0,0
22-Apr-2026 04:32:22,0.992275893273473,1,-0.038009025,0.027317574,-0.019632924,0.0507581277775873,1,-47.3027064322428,333.761105230223,10162.0841164722,1,105.784483845916,89.9907826634525,142.198068841544,0,0
22-Apr-2026 04:32:32,0.99227684849578,1,-0.030799264,0.036988895,-0.019566728,0.051957962439733,1,-47.6152237333294,333.519020916252,10205.7842857317,1,106.259615035123,89.9898536119116,142.387399051773,0,0
22-Apr-2026 04:32:42,0.992277870463126,1,-0.03609547,0.031669945,-0.019493466,0.0518253180165552,1,-47.9276068857762,333.276729838804,10249.2309548023,1,106.742899254564,89.9871797418605,142.582141338405,0,0
22-Apr-2026 04:32:52,0.992278810969992,1,-0.038916983,0.028869431,-0.0169216,0.0513255897057798,1,-48.2398523211448,333.034174527578,10292.4218800141,1,107.241052918067,89.972386683211,142.790898199718,0,0
22-Apr-2026 04:33:02,0.992279481373302,1,-0.031735983,0.031079022,-0.016851705,0.0475085064684189,1,-48.5519565293488,332.791297342488,10335.354863246,1,107.732711880279,89.9586341384919,142.994490937227,0,0
22-Apr-2026 04:33:12,0.992279209483242,1,-0.03953542,0.030774835,-0.014250723,0.0520886072944589,1,-48.8639157575545,332.548039656574,10378.0277104886,1,108.210921028077,89.9628291398475,143.181440224037,0,0
22-Apr-2026 04:33:22,0.992279023450637,1,-0.037333567,0.030437898,-0.019162182,0.051840621896376,1,-49.1757262674247,332.304342488511,10420.4382675808,1,108.683143891044,89.970413744652,143.362571006499,0,0
22-Apr-2026 04:33:32,0.992279010929075,1,-0.040130615,0.02757177,-0.024072561,0.0543153473183211,1,-49.4873842182501,332.060146162353,10462.5844042834,1,109.143705002477,89.9863689681817,143.532170049679,0,0
22-Apr-2026 04:33:42,0.99227952383175,1,-0.040442195,0.027192893,-0.01899463,0.05230507179007,1,-49.7988855478896,331.815389949579,10504.4639986126,1,109.623617229451,89.987032400541,143.71997679726,0,0
22-Apr-2026 04:33:52,0.992280153057042,1,-0.038242284,0.024337169,-0.023922514,0.05125482178831,1,-50.1102261960008,331.570012622732,10546.0749673932,1,110.092149894774,89.9882287108159,143.899710590341,0,0
22-Apr-2026 04:34:02,0.992279541053396,1,-0.03855621,0.033984255,-0.01885886,0.0547463927393278,1,-50.4214019856649,331.32395210272,10587.4152504837,1,110.577351127203,89.974380313659,144.09586129844,0,0
22-Apr-2026 04:34:12,0.9922790221581,1,-0.038888484,0.026143255,-0.021299094,0.0514726662903149,1,-50.732408499987,331.077145080798,10628.4827949094,1,111.062460134462,89.9627001320261,144.290497175914,0,0
22-Apr-2026 04:34:22,0.992279789971691,1,-0.04173173,0.028226,-0.031216802,0.059268314400699,1,-51.0432413109054,330.829527594603,10669.2755857238,1,111.528389078386,89.9851595257425,144.457935063512,0,0
22-Apr-2026 04:34:32,0.992280510088557,1,-0.03709245,0.015307888,-0.018650295,0.0442494608510665,1,-51.3538958575583,330.58103465785,10709.7916301705,1,111.99878817962,89.9934076052396,144.633638088744,0,0
22-Apr-2026 04:34:42,0.992281479875215,1,-0.04495137,0.024900671,-0.01609968,0.0538504296847253,1,-51.6643673192429,330.331599863488,10750.0289417446,1,112.469698798543,89.9903716311678,144.813879444615,0,0
22-Apr-2026 04:34:52,0.992282580460577,1,-0.035310913,0.021973645,-0.026048794,0.0490738353945769,1,-51.9746508488626,330.081155978969,10789.9855712087,1,112.940387306554,89.9921171612503,144.991403015562,0,0
22-Apr-2026 04:35:02,0.992283146867529,1,-0.040663406,0.021558983,-0.02850053,0.0541348551840312,1,-52.2847414481188,329.829634557912,10829.6595907342,1,113.405002274193,89.9935241360607,145.164639448903,0,0
22-Apr-2026 04:35:12,0.992283568412668,1,0.48402467,-0.6237811,-0.05092266,0.791186361856228,0,-52.5946338372312,329.576965524878,10869.049077977,0,113.604176019791,NaN,145.080541343612,0,0
22-Apr-2026 04:35:22,0.992281007530361,1,3.2188864,-3.5776603,-0.044799328,4.81278400285015,0,-52.9043226929331,329.323077788912,10908.1521472102,0,73.1072479871161,NaN,105.238645978294,0,0
22-Apr-2026 04:35:32,0.992279924427105,1,1.8752748,-2.119001,0.017417328,2.82968623292949,0,-53.2138025195491,329.067898833837,10946.9669333595,0,36.0819432831454,NaN,68.4436762139113,0,0
22-Apr-2026 04:35:42,0.992280125581874,1,0.87264663,-1.0300791,0.0023026224,1.35002977566315,0,-53.5230675161144,328.811354285744,10985.4915762058,0,16.0244300459614,NaN,48.4545031972793,0,0
22-Apr-2026 04:35:52,0.992279608399166,1,0.36867636,-0.45454577,-0.008808154,0.585330418673616,0,-53.8321118178812,328.553368541006,11023.7242514847,0,6.79432037978618,NaN,39.1582815482016,0,0
22-Apr-2026 04:36:02,0.992279653247482,1,0.14401865,-0.19226347,-0.011224143,0.240484084359751,0,-54.1409293643534,328.293864337431,11061.6631549874,0,2.81549153100274,NaN,35.0168004908017,0,0
22-Apr-2026 04:36:12,0.992279933299114,1,0.04424622,-0.07514563,-0.00706083,0.0874897080385699,0,-54.4495137623698,328.03276229961,11099.3064867458,0,1.09777218205112,NaN,33.0807842785293,0,0
22-Apr-2026 04:36:22,0.992280336129753,1,0.019475503,-0.02305643,-0.01219493,0.0325516589308872,1,-54.7578585314085,327.769981581194,11136.6524821208,0,0.363812471481521,NaN,32.0847641544285,0,0
22-Apr-2026 04:36:32,0.992280724950123,1,0.004716872,-0.0034705566,-0.009518674,0.0111758131380434,1,-55.0659569691179,327.505439417618,11173.6993960706,0,0.123670255744551,NaN,31.5052536513123,0,0
22-Apr-2026 04:36:42,0.992280931031542,1,-0.010027927,0.0036144308,-0.009196701,0.0140784494603887,1,-55.3738020091632,327.239050644913,11210.4454872139,0,0.16108214186256,NaN,31.0870456874721,0,0
22-Apr-2026 04:36:52,0.992281370242637,1,-0.004793297,0.010724844,-0.013818839,0.0181372072343695,1,-55.6813865158795,326.970728488763,11246.8890542798,0,0.194195811291044,NaN,30.7626258720908,0,0
22-Apr-2026 04:37:02,0.992281752786611,1,-0.014591719,0.005355442,-0.008448467,0.0176911168963526,1,-55.9887029230035,326.700383439769,11283.0283940678,0,0.202881407549748,NaN,30.4663020481485,0,0
22-Apr-2026 04:37:12,0.992281528119747,1,-0.014423719,0.0125343045,-0.01060093,0.021852509603123,1,-56.2957435309866,326.427924049485,11318.861838003,0,0.187858010898252,NaN,30.2033060580274,0,0
22-Apr-2026 04:37:22,0.992280896058752,1,-0.0067915907,0.0072378526,-0.0077804658,0.0126114179440943,1,-56.6025003636811,326.153256436611,11354.3877362154,0,0.169203019439517,NaN,29.9396488940282,0,0
22-Apr-2026 04:37:32,0.992280496984832,1,-0.009202838,0.00448532,-0.012508332,0.0161638080964502,1,-56.9089650195642,325.87628376526,11389.6044417663,0,0.150786039251775,NaN,29.6794820545922,0,0
22-Apr-2026 04:37:42,0.992281546228293,1,0.003361102,0.009271909,-0.014767681,0.0177580884465768,1,-57.215128929044,325.596906924975,11424.5103418681,0,0.123991385487937,NaN,29.4277507759506,0,0
22-Apr-2026 04:37:52,0.992281972608118,1,-0.009085203,0.011611115,-0.0020727958,0.0148880954968368,1,-57.5209832060296,325.315024007891,11459.1038419497,0,0.0970212104713426,NaN,29.1850038509367,0,0
22-Apr-2026 04:38:02,0.992281929970187,1,-0.0015726264,-0.0010357008,-0.0069144256,0.00716624806429647,1,-57.82651849575,325.030529762851,11493.3833501116,0,0.0716987919427356,NaN,28.9337628846396,0,0
22-Apr-2026 04:38:12,0.992281797980161,1,-0.0016135703,0.0013367428,0.005681263,0.00605534802480939,1,-58.131725234395,324.743316280522,11527.3473081334,0,0.0501626153841634,NaN,28.6767512575997,0,0
22-Apr-2026 04:38:22,0.992281684849825,1,-0.0016521311,0.0012390857,0.00072375964,0.00218830952107434,1,-58.4365934963085,324.45327244242,11560.9941756669,0,0.0328780886296305,NaN,28.4221964626805,0,0
22-Apr-2026 04:38:32,0.99228161455472,1,0.0058042523,0.008697139,0.0007237368,0.0104810956728317,1,-58.7411128363534,324.160283343461,11594.3224147448,0,0.0160401685410012,NaN,28.1673948162418,0,0
22-Apr-2026 04:38:42,0.992281611337654,1,0.0032386177,0.011150531,0.0031921966,0.0120421387353645,1,-59.0452725523059,323.864230981633,11627.3305206332,0,0.00915900533861245,NaN,27.9142091737373,0,0
22-Apr-2026 04:38:52,0.992281602994407,1,0.0057526403,-0.0013590142,-0.0043106056,0.00731581237155089,1,-59.3490615277493,323.564993677732,11660.0170062219,0,0.00887332266454746,NaN,27.6478846522234,0,0
22-Apr-2026 04:39:02,0.992281613440549,1,-0.0017312363,0.0011517673,-0.0018118669,0.0027580081042489,1,-59.6524680668732,323.262445458478,11692.3803864275,0,0.0181195333135008,NaN,27.3734085687991,0,0
22-Apr-2026 04:39:12,0.992281630910433,1,0.005745653,0.0061645927,-0.0068629156,0.0108680422379574,1,-59.9554801613499,322.956456754089,11724.419209091,0,0.0264736810747611,NaN,27.114634620454,0,0
22-Apr-2026 04:39:22,0.992281655631622,1,0.0007187022,-0.003810512,0.0030568654,0.00493770803391067,1,-60.2580853260071,322.646893778313,11756.1320393201,0,0.0237277732150183,NaN,26.8420787657101,0,0
22-Apr-2026 04:39:32,0.992281745121718,1,-0.0042934846,0.0037400355,-0.0045537497,0.00729098840226395,1,-60.5602704287263,322.333617878717,11787.5174441551,0,0.0360849003187459,NaN,26.5841784656265,0,0
22-Apr-2026 04:39:42,0.992281835402944,1,-0.0018029026,-0.006209202,0.005298742,0.00835950441380676,1,-60.8620219581952,322.016486229097,11818.574023142,0,0.0383184167190699,NaN,26.3129279455053,0,0
22-Apr-2026 04:39:52,0.992281954110599,1,0.0007032814,0.0013516371,0.0026289837,0.00303859883376336,1,-61.1633258533784,321.695351171307,11849.3003928245,0,0.0454677493087925,NaN,26.0413796047502,0,0
22-Apr-2026 04:40:02,0.992282094669269,1,0.0032302784,-0.0010736804,0.0049796333,0.00603193467681138,1,-61.464167326047,321.370059523651,11879.6951714984,0,0.0627030483019134,NaN,25.7854190073112,0,0
22-Apr-2026 04:40:12,0.992282103197185,1,-0.009219324,-0.0010027438,-0.00019066257,0.00927565536018957,1,-61.7645311814336,321.040453427702,11909.7570146971,0,0.0669597576126681,NaN,25.5066577990295,0,0
22-Apr-2026 04:40:22,0.992282077298806,1,-0.0041677286,-0.00093823054,-0.00033196947,0.004284908628951,1,-62.0644013872293,320.706368859329,11939.4845745388,0,0.0662653621640493,NaN,25.2271947379002,0,0
22-Apr-2026 04:40:32,0.992282213313691,1,-0.0041096234,0.0041314308,0.0044813543,0.00735120815289192,1,-62.363761393589,320.367636464515,11968.8765350642,0,0.0779701902908444,NaN,24.9506582755186,0,0
22-Apr-2026 04:40:42,0.992282456020664,1,-0.004046393,0.0016840085,0.0042839698,0.00612875013243592,1,-62.6625939493419,320.024080825158,11997.9315968942,0,0.0768120259408765,NaN,24.6790556942709,0,0
22-Apr-2026 04:40:52,0.992282767570047,1,-0.006461624,-0.0057583163,0.0066144876,0.0108932197966797,1,-62.9608809123635,319.675519694987,12026.6484623703,0,0.0844361332216078,NaN,24.4120501431,0,0
22-Apr-2026 04:41:02,0.992282909545236,1,-0.006371317,-0.0032319336,0.01145559,0.0135007265492416,1,-63.2586035177074,319.321764661132,12055.0258652912,0,0.0763145343516063,NaN,24.1214246697821,0,0
22-Apr-2026 04:41:12,0.99228300034729,1,-0.008793549,0.0017848205,0.011284398,0.0144169943627313,1,-63.5557421876842,318.962620368447,12083.0625559986,0,0.0825932184576502,NaN,23.8428214205771,0,0
22-Apr-2026 04:41:22,0.992282986418762,1,-0.0011973913,-0.003195915,0.00864095,0.00929051319976677,1,-63.8522763285065,318.597883690543,12110.7572862888,0,0.0798215231270408,NaN,23.5783489094202,0,0
22-Apr-2026 04:41:32,0.992283082888161,1,-0.011099418,-0.00067486806,0.0009770036,0.0111627533732294,1,-64.1481846021387,318.227344387397,12138.1088392915,0,0.0930026608149037,NaN,23.2947274965843,0,0
22-Apr-2026 04:41:42,0.992283352732489,1,-0.006008228,-0.01067738,0.008319363,0.0148093567750309,1,-64.4434447227643,317.850784264277,12165.1160143972,0,0.0904406380739456,NaN,23.0222651065564,0,0
22-Apr-2026 04:41:52,0.99228365962065,1,-0.003392428,-0.008171268,0.005680736,0.0105142260754039,1,-64.738033242979,317.467976288096,12191.7776124112,0,0.0950071695243878,NaN,22.7607570247988,0,0
22-Apr-2026 04:42:02,0.992283962119254,1,0.004209882,-0.00067771616,0.013029355,0.0137093580215659,1,-65.0319258249445,317.078685226162,12218.0924652266,0,0.103379788102107,NaN,22.488595074745,0,0
22-Apr-2026 04:42:12,0.992283947516825,1,-0.008192822,0.0018133685,0.01294239,0.0154245290544825,1,-65.3250970225587,316.682666738138,12244.0594207088,0,0.0882747333882413,NaN,22.2283281551684,0,0
22-Apr-2026 04:42:22,0.992283782643484,1,-0.008106246,0.004303713,0.0028747271,0.00961754780067972,1,-65.6175200578436,316.279666441169,12269.6773283,0,0.0715150156307106,NaN,21.9716240820912,0,0
22-Apr-2026 04:42:32,0.992283699307218,1,-0.0030197925,-0.0031962483,0.007808434,0.0089614056637709,1,-65.9091670859012,315.869420512676,12294.9450680999,0,0.0731004724336102,NaN,21.7124636944301,0,0
22-Apr-2026 04:42:42,0.992283587807262,1,-0.010452234,0.0018014157,0.0027696155,0.0109619826734402,1,-66.2000089652721,315.451654725788,12319.8615361095,0,0.0574299402200045,NaN,21.4494838017247,0,0
22-Apr-2026 04:42:52,0.992283579115262,1,-0.0028817197,0.0017995815,0.00021064204,0.00340399354780906,1,-66.4900150175806,315.026083445038,12344.425629849,0,0.0612462283796009,NaN,21.1932405073009,0,0
22-Apr-2026 04:43:02,0.992283560232461,1,-0.00032758425,-0.0006895156,0.00017687435,0.000783599221017572,1,-66.7791532890768,314.592410204562,12368.6362772317,0,0.0575275565204408,NaN,20.93469355719,0,0
22-Apr-2026 04:43:12,0.992283499685339,1,0.0022221962,0.0017983341,0.00015490732,0.00286289325059577,1,-67.0673903046219,314.150326678328,12392.4924219586,0,0.0482314428519299,NaN,20.6674891276224,0,0
22-Apr-2026 04:43:22,0.992283471124061,1,-0.010242065,-0.0032011443,0.0001325535,0.0107314859513494,1,-67.3546908094645,313.699511610233,12415.9930092699,0,0.0382825352776396,NaN,20.424664430875,0,0
22-Apr-2026 04:43:32,0.992283433185585,1,-0.00020791865,0.0018009287,0.0076301284,0.00784254000614521,1,-67.6410180241353,313.239631363907,12439.1370144808,0,0.027903535457008,NaN,20.1664815305245,0,0
22-Apr-2026 04:43:42,0.992283435890817,1,0.004825549,-0.00070402306,0.002607757,0.00553009658066311,1,-67.9263333798392,312.7703388314,12461.9234285657,0,0.0293836025469484,NaN,19.9035259961114,0,0
22-Apr-2026 04:43:52,0.992283412326647,1,-0.00015430381,0.0017913572,0.000107534775,0.00180120348978306,1,-68.2105962405093,312.291272304979,12484.3512441184,0,0.0170052057598396,NaN,19.6569073076622,0,0
22-Apr-2026 04:44:02,0.992283409155153,1,-0.00014371044,0.004304293,-0.0073842998,0.00854841941277415,1,-68.4937642084195,311.802056191135,12506.4194881675,0,0.0152556094274306,NaN,19.4090932808476,0,0
22-Apr-2026 04:44:12,0.992283410235511,1,0.007349291,0.0018029832,0.00014377816,0.00756858631327253,1,-68.7757925386599,311.302298926795,12528.1271846728,0,0.0087124332355343,NaN,19.160687702684,0,0
22-Apr-2026 04:44:22,0.992283427983252,1,-0.005179003,-0.00067600195,-0.002323641,0.00571649877173903,1,-69.0566344364072,310.791593682666,12549.4733871855,0,0.0190608808295663,NaN,18.9171225620986,0,0
22-Apr-2026 04:44:32,0.992283469713881,1,0.007272689,-0.0031707285,-0.0022682566,0.00825169755352659,1,-69.3362407543442,310.269517193477,12570.4571647208,0,0.0352095341578847,NaN,18.6763997161218,0,0
22-Apr-2026 04:44:42,0.992283511448087,1,-0.00027358686,-0.010653287,-0.002226134,0.0108868290268696,1,-69.6145596747924,309.735628565711,12591.0775880524,0,0.0484557475059228,NaN,18.4334384909448,0,0
22-Apr-2026 04:44:52,0.992283526609556,1,0.0071716593,0.004366085,0.0053077172,0.00993313934351458,1,-69.8915369346618,309.189469802371,12611.3337572236,0,0.0495731260975017,NaN,18.1847978107535,0,0
22-Apr-2026 04:45:02,0.992283572915329,1,0.0021098366,-0.00059536705,-0.004643205,0.00513470788603892,1,-70.1671154952735,308.630564620671,12631.2247875598,0,0.0626803350841072,NaN,17.9494098110495,0,0
22-Apr-2026 04:45:12,0.992283657126003,1,-0.0029736098,-0.0030601916,0.005419642,0.00689780017683396,1,-70.4412352001278,308.058417278201,12650.7497964451,0,0.0750235933417866,NaN,17.7083989789368,0,0
22-Apr-2026 04:45:22,0.992283715891336,1,0.009452233,-0.00051039655,0.0054757325,0.0109356691489866,1,-70.7138329784299,307.472513129714,12669.9079300217,0,0.0836179160145663,NaN,17.4706265770055,0,0
22-Apr-2026 04:45:32,0.99228376153819,1,-0.00063328247,-0.00044916497,-0.0044697537,0.00453668314914631,1,-70.9848424908024,306.872317505956,12688.6983498111,0,0.0885056743899861,NaN,17.231765379162,0,0
22-Apr-2026 04:45:42,0.992283786406815,1,0.006753562,-0.0054091695,-0.0069099665,0.0110732719373587,1,-71.2541937499098,306.257274591828,12707.1202192599,0,0.0954363352638552,NaN,16.9919603891467,0,0
22-Apr-2026 04:45:52,0.992283912564447,1,-0.003344015,-0.0028422659,-0.0068486766,0.00813420450553804,1,-71.5218133129657,305.626808124648,12725.1727305048,0,0.111132504793327,NaN,16.7664203288101,0,0
22-Apr-2026 04:46:02,0.992284237719784,1,0.0040301,-0.0027785997,-0.0067707263,0.00835494206636717,1,-71.7876238902746,304.980320388955,12742.8550908281,0,0.122951064722374,NaN,16.5338907940996,0,0
22-Apr-2026 04:46:12,0.9922843586185,1,0.0063984813,-0.0052230535,-0.009217969,0.0123770676371778,1,-72.0515439362156,304.317191279282,12760.1665096396,0,0.120494549014473,NaN,16.2908220469382,0,0
22-Apr-2026 04:46:22,0.992284619583196,1,0.013772186,-0.0076627387,0.0008378481,0.0157826696424194,1,-72.3134878219262,303.636779229169,12777.1062247041,0,0.123025686302795,NaN,16.0558778795453,0,0
22-Apr-2026 04:46:32,0.992284956042017,1,0.018628612,-0.0026049034,0.003398756,0.0191144513161485,1,-72.5733654109046,302.938420475493,12793.6734887799,0,0.128341607132566,NaN,15.823922977022,0,0
22-Apr-2026 04:46:42,0.992285426294987,1,0.0059872167,-0.0025440855,-0.0015334961,0.00668361766805855,1,-72.8310816201612,302.221428464649,12809.8675569763,0,0.143437119147097,NaN,15.6022801312731,0,0
22-Apr-2026 04:46:52,0.992285498465296,1,0.010853569,7.643942e-06,0.0034904436,0.0114010181559539,1,-73.086536574555,301.485095187188,12825.6877123943,0,0.122466968660918,NaN,15.3508563735987,0,0
22-Apr-2026 04:47:02,0.992285632257594,1,0.00072258647,-0.0049304096,0.0010485308,0.00509219862819076,1,-73.3396251541641,300.728690926771,12841.1332530627,0,0.13637686749724,NaN,15.1365300064547,0,0
22-Apr-2026 04:47:12,0.992286034528758,1,0.0055916766,-0.0073679266,0.0035941277,0.00992325266764292,1,-73.5902365280029,299.951464242922,12856.2034795227,0,0.136281462211399,NaN,14.9081450859144,0,0
22-Apr-2026 04:47:22,0.992286035094436,1,0.0030069351,0.00016177009,0.0010837425,0.00320036342685278,1,-73.8382542980843,299.152643975482,12870.8977199392,0,0.105227372080165,NaN,14.6561629950455,0,0
22-Apr-2026 04:47:32,0.99228608290882,1,0.0054016495,-0.0022932293,-0.0038848268,0.00703765566145623,1,-74.0835560284015,298.33143978485,12885.2153173855,0,0.102853724705499,NaN,14.4306830001476,0,0
22-Apr-2026 04:47:42,0.992285988047464,1,0.01281358,0.002725392,0.0061257756,0.0144616984020418,1,-74.3260127609067,297.487043047755,12899.1556175393,0,0.0910138572081199,NaN,14.1972352335874,0,0
22-Apr-2026 04:47:52,0.992286023690002,1,0.0077158534,-0.009743358,0.0011545391,0.0124820022167874,1,-74.5654892376008,296.618630095305,12912.7179973906,0,0.094781641899247,NaN,13.9833824971345,0,0
22-Apr-2026 04:48:02,0.992286013280561,1,0.00512426,0.0027664066,-0.0013301483,0.00597330231313605,1,-74.8018430736508,295.725363007559,12925.9018327068,0,0.094907151784577,NaN,13.7689880735478,0,0
22-Apr-2026 04:48:12,0.992285971968673,1,2.4112625e-05,-0.0047500497,-0.0038200163,0.00609557857003092,1,-75.0349249906344,294.806393795303,12938.7065261635,0,0.0892366206312656,NaN,13.5437039174904,0,0
22-Apr-2026 04:48:22,0.992285955395304,1,0.0049196864,0.00023578826,-0.0038091415,0.00622643311575103,1,-75.2645783648409,293.860867254017,12951.1314952884,0,0.0868837240739661,NaN,13.3295809298909,0,0
22-Apr-2026 04:48:32,0.992285978577781,1,-0.005162,-0.004758761,0.0012047105,0.00712343861094705,1,-75.4906387747055,292.887924471627,12963.1761604775,0,0.0899909725627302,NaN,13.1295256182588,0,0
22-Apr-2026 04:48:42,0.992285944837603,1,0.007224485,-0.00474434,0.0012230573,0.00872913596582779,1,-75.7129342344135,291.886708743005,12974.8399689056,0,0.0850573863985013,NaN,12.9257182715647,0,0
22-Apr-2026 04:48:52,0.992285973288508,1,0.004631706,0.0027411138,-0.0012634565,0.00552835668733293,1,-75.9312848014744,290.856370563757,12986.1223823908,0,0.0895583946989509,NaN,12.7307466854367,0,0
22-Apr-2026 04:49:02,0.992285903348203,1,0.004539813,0.0027327961,0.001236004,0.00544111959868189,1,-76.1455022136082,289.796073527673,12997.0228658699,0,0.0785856183153631,NaN,12.528239060988,0,0
22-Apr-2026 04:49:12,0.992285898215555,1,0.0044568474,-0.0047601685,0.0037502311,0.00752242821160071,1,-76.3553902451764,288.705002753251,13007.5409106862,0,0.0776371638531959,NaN,12.3388127071178,0,0
22-Apr-2026 04:49:22,0.992285877736175,1,0.0018655034,-0.0022844048,-0.0037451587,0.00476705589581875,1,-76.560744449588,287.582372651706,13017.676022667,0,0.0741048663501648,NaN,12.1476404536517,0,0
22-Apr-2026 04:49:32,0.992285828056564,1,0.0068058227,-0.0023234517,0.0037484574,0.0081097831848751,1,-76.7613519667791,286.427435807005,13027.4277111071,0,0.0645855904345184,NaN,11.9463236683635,0,0
22-Apr-2026 04:49:42,0.99228577348923,1,-0.000749158,-0.004861314,-0.0012649761,0.00507875733316047,1,-76.9569920857506,285.239494407576,13036.7955111829,0,0.052261238934817,NaN,11.7577182452126,0,0
22-Apr-2026 04:49:52,0.992285756073638,1,-0.0033067046,7.1843715e-05,0.0012218517,0.00352595780006498,1,-77.1474362264896,284.017911240228,13045.7789725946,0,0.0476783210653391,NaN,11.5746981490535,0,0
22-Apr-2026 04:50:02,0.992285754798291,1,-0.0033602475,0.0025436252,0.0012282606,0.00438975130512466,1,-77.3324480154808,282.762121837784,13054.377648612,0,0.0473632325246597,NaN,11.4071161296696,0,0
22-Apr-2026 04:50:12,0.992285742445357,1,0.0065842494,0.0050267726,-0.0037609434,0.00909755341789839,1,-77.5117841768243,281.471649029916,13062.5911181061,0,0.0437764493318129,NaN,11.2510757887805,0,0
22-Apr-2026 04:50:22,0.992285729634411,1,-0.0009652101,0.0024870692,0.001236886,0.00294058339785265,1,-77.6851948649897,280.146117033044,13070.4189743619,0,0.0396304611286884,NaN,11.0923882488053,0,0
22-Apr-2026 04:50:32,0.992285750325024,1,0.00646493,0.0049864915,0.003760474,0.00898897002382076,1,-77.8524241348564,278.785266473084,13077.860814378,0,0.0457217521305203,NaN,10.952576121583,0,0
22-Apr-2026 04:50:42,0.992285732014029,1,0.0039075534,0.0074819587,-0.0012340898,0.00853063052750623,1,-78.0132112821355,277.388971258955,13084.9162604607,0,0.0404869745256509,NaN,10.8046755034608,0,0
22-Apr-2026 04:50:52,0.99228573635556,1,0.013850373,0.0024427664,-0.003722048,0.0145483188457774,1,-78.1672916442314,275.957254592773,13091.5849491443,0,0.0418001755801795,NaN,10.6609060858381,0,0
22-Apr-2026 04:51:02,0.992285770577254,1,0.0037790332,0.004908525,0.0012978748,0.00632923286021318,1,-78.3143975815,274.490305229208,13097.8665210131,0,0.0513456915494421,NaN,10.5332589296578,0,0
22-Apr-2026 04:51:12,0.992285731783599,1,0.0012293565,-0.0026023688,-0.0037008373,0.00468826593703653,1,-78.4542603521512,272.988494442379,13103.7606414801,0,0.0404321686801047,NaN,10.4045155939505,0,0
22-Apr-2026 04:51:22,0.992285744150951,1,0.013684812,-0.0026089256,-0.0036829002,0.014409869053702,1,-78.5866114627125,271.452391229845,13109.2669901556,0,0.0441500243070852,NaN,10.289802956566,0,0
22-Apr-2026 04:51:32,0.992285747550288,1,-0.0013757137,-0.0051640566,-0.0036719968,0.00648410589453793,1,-78.711184198653,269.88277647988,13114.3852508661,0,0.0437263712478239,NaN,10.1760608512042,0,0
22-Apr-2026 04:51:42,0.99228575814259,1,0.006058725,-0.0026925153,-0.0011493287,0.00672894818875898,1,-78.8277161247067,268.280656177538,13119.1151351848,0,0.0474596138557685,NaN,10.0793849814758,0,0
22-Apr-2026 04:51:52,0.992285768811778,1,0.005989681,0.004785228,-0.001126607,0.00774880176712464,1,-78.9359505462879,266.647271103173,13123.4563556595,0,0.0499579479318397,NaN,9.98352074760095,0,0
22-Apr-2026 04:52:02,0.992285749701883,1,0.0009355759,-0.00025100278,0.0063820076,0.00645510074798886,1,-79.0356392986726,264.984104683648,13127.4086489995,0,0.0428548610934423,NaN,9.88864681305284,0,0
22-Apr-2026 04:52:12,0.992285735611674,1,0.008393707,0.0022046103,-0.0011079189,0.0087488346690112,1,-79.1265448402252,263.29288660668,13130.9717659432,0,0.0392366108167949,NaN,9.80488496808775,0,0
22-Apr-2026 04:52:22,0.992285711294308,1,0.0033555538,-0.0028307466,-0.0086095175,0.00966419470007265,1,-79.208442414848,261.57559259436,13134.1454619173,0,0.0319907663855215,NaN,9.7215193005284,0,0
22-Apr-2026 04:52:32,0.992285698051626,1,0.008326147,-0.0028251237,0.0014022297,0.00890349908280294,1,-79.2811229367406,259.834439887019,13136.9295160118,0,0.0247591856150726,NaN,9.66085584572792,0,0
22-Apr-2026 04:52:42,0.992285687464588,1,0.0058073653,0.0021852937,-0.006099229,0.00870066633524955,1,-79.3443951346367,258.071877551853,13139.323721358,0,0.0193447969628991,NaN,9.60010316719825,0,0
22-Apr-2026 04:52:52,0.992285702537669,1,0.0032870336,-0.0002961794,0.0014092546,0.00358863632207758,1,-79.3980876048791,256.290571973516,13141.32787588,0,0.0290157015679453,NaN,9.55971470600423,0,0
22-Apr-2026 04:53:02,0.992285685948393,1,0.005765837,-0.0027919598,-0.006087818,0.00883750212653491,1,-79.4420514219799,254.493387169418,13142.9418008699,0,0.020526607417425,NaN,9.51845744545331,0,0
22-Apr-2026 04:53:12,0.992285684571799,1,-0.004230199,0.0047162725,0.0014056189,0.00648949723521741,1,-79.4761618326888,252.683360246006,13144.1653315043,0,0.0195292444198018,NaN,9.48829737549533,0,0
22-Apr-2026 04:53:22,0.992285672857416,1,0.00077448157,-0.00029514555,0.00389727,0.00398442543547429,1,-79.5003196956411,250.863672621852,13144.9983079871,0,0.00838572842639661,NaN,9.46259764460003,0,0
22-Apr-2026 04:53:32,0.992285670742322,1,0.0032835042,-0.00031610302,-0.0011083347,0.00347990326846808,1,-79.5144532957683,249.037616910321,13145.4405935052,0,0.0023756288145505,NaN,9.44844565998184,0,0
22-Apr-2026 04:53:42,0.99228567415423,1,0.0007858727,0.009659008,0.001383783,0.00978922299448523,1,-79.5185191031082,247.208561094875,13145.4920649458,0,0.00984000845155064,NaN,9.44125692132214,0,0
22-Apr-2026 04:53:52,0.992285671035286,1,-0.009212646,0.0071576247,0.0038835863,0.0122957992915025,1,-79.5125021656851,245.379910802766,13145.152604629,0,0.00403517063264096,NaN,9.45408426909134,0,0
22-Apr-2026 04:54:02,0.992285681097734,1,-0.0067095403,-0.00033356537,0.0013796969,0.00685804348405993,1,-79.496416743961,243.555069707476,13144.4221172569,0,0.0171118559979765,NaN,9.4726421146985,0,0
22-Apr-2026 04:54:12,0.992285678912703,1,0.00078971754,0.007179596,0.0063825864,0.00963886205263176,1,-79.470305868685,241.737400677057,13143.3005212639,0,0.0150424896356622,NaN,9.50685892995134,0,0
22-Apr-2026 04:54:22,0.992285685470094,1,-0.0016934128,0.0021857473,0.0013683313,0.00308503950010706,1,-79.434240503692,239.930188303774,13141.7877406383,0,0.0196443014455418,NaN,9.5411878611274,0,0
22-Apr-2026 04:54:32,0.992285674653405,1,-0.0016811696,-0.007815258,-0.0011422292,0.0080752260882195,1,-79.3883189551148,238.136602508383,13139.8837214235,0,0.0099973591599381,NaN,9.58706708161579,0,0
22-Apr-2026 04:54:42,0.99228567774802,1,-0.0041568475,0.0021790038,-0.0036639597,0.00595416151795488,1,-79.3326652833286,236.359666325703,13137.5884232786,0,0.0138945070661034,NaN,9.63494770376186,0,0
22-Apr-2026 04:54:52,0.992285677663623,1,0.00086195936,-0.0028465746,0.0013243657,0.0032557495909534,1,-79.2674274229041,234.602227807993,13134.9018116181,0,0.0135389075866771,NaN,9.69835248214866,0,0
22-Apr-2026 04:55:02,0.992285688594506,1,-0.001589954,0.004620463,-0.0011920803,0.00502968065568114,1,-79.1927756451447,232.866935019735,13131.8238735255,0,0.0198357702418373,NaN,9.77138235214951,0,0
22-Apr-2026 04:55:12,0.99228570972338,1,0.0009414528,0.0045729517,0.0012796707,0.00484105130375616,1,-79.1089002010003,231.156217260501,13128.3546095214,0,0.0322661325459952,NaN,9.84725454873594,0,0
22-Apr-2026 04:55:22,0.992285753464062,1,-0.0014930125,0.0019870114,0.008761733,0.00910742915383783,1,-79.0160088486056,229.472271488562,13124.4940262263,0,0.0459199247371409,NaN,9.93699344747743,0,0
22-Apr-2026 04:55:32,0.992285816751249,1,-0.0064404984,-0.003087132,0.001236895,0.0072484696913798,1,-78.9143249095795,227.817051962418,13120.2421538457,0,0.0615256075610387,NaN,10.0310476216456,0,0
22-Apr-2026 04:55:42,0.992285751730046,1,0.0010897147,-0.003132062,0.0037309353,0.00499170999879061,1,-78.8040843675972,226.192267424562,13115.5990262712,0,0.0462339711263793,NaN,10.1371454787075,0,0
22-Apr-2026 04:55:52,0.992285709775788,1,-0.0038876086,-0.000666397,-0.0012649902,0.0041421957696974,1,-78.6855339018151,224.599379975323,13110.5646982649,0,0.0323585427022931,NaN,10.2584543521331,0,0
22-Apr-2026 04:56:02,0.992285688266305,1,-0.0038638955,0.00682484,-0.0012892077,0.00794796741024141,1,-78.5589283754685,223.039609814395,13105.1392379096,0,0.0212067320519618,NaN,10.3741899803042,0,0
22-Apr-2026 04:56:12,0.992285697484375,1,-0.003825473,-0.0007257276,-0.0012931725,0.00410283064942815,1,-78.4245284560649,221.513943530506,13099.3227197887,0,0.026963735861024,NaN,10.5102532672539,0,0
22-Apr-2026 04:56:22,0.992285709056965,1,-0.0012830514,0.004229748,0.0011688613,0.00457200456880608,1,-78.2825988596501,220.023143405124,13093.1152388714,0,0.0309303909461467,NaN,10.6369276269191,0,0
22-Apr-2026 04:56:32,0.992285757550746,1,-0.0012315102,-0.0008338033,-0.0013411206,0.00200261074089282,1,-78.1334062496821,218.56776081798,13086.5169033845,0,0.047876181952285,NaN,10.7813941535183,0,0
22-Apr-2026 04:56:42,0.992285732586739,1,-0.003690028,0.0041191443,0.0011365537,0.00564583126899752,1,-77.9772173345647,217.148151414049,13079.527828304,0,0.0406991099025925,NaN,10.9268526281467,0,0
22-Apr-2026 04:56:52,0.992285711609173,1,-0.003666228,0.0040970263,0.006118457,0.00822571384815474,1,-77.8142975964491,215.764489491306,13072.1481485223,0,0.032365457835589,NaN,11.0783901615789,0,0
22-Apr-2026 04:57:02,0.992285719391355,1,-0.003615886,0.0015539748,-0.003912769,0.00554970544185834,1,-77.6449097451595,214.416784959276,13064.3780120932,0,0.0338905464466794,NaN,11.2399111187809,0,0
22-Apr-2026 04:57:12,0.992285732454477,1,-0.001051578,-0.0010094272,-0.003937072,0.00419824909877533,1,-77.4693123806989,213.104900565232,13056.2175740754,0,0.0398764298944926,NaN,11.4083129132657,0,0
22-Apr-2026 04:57:22,0.992285759793263,1,0.0015169979,0.0039336886,0.0010206217,0.00433784016359354,1,-77.2877592426516,211.828567024025,13047.6670090165,0,0.0487478972422117,NaN,11.5699693069021,0,0
22-Apr-2026 04:57:32,0.992285807540775,1,-0.0009319952,-0.0011320905,0.0009997365,0.0017747442132447,1,-77.1004982078437,210.587399672694,13038.7265044993,0,0.0603199407700998,NaN,11.746618417529,0,0
22-Apr-2026 04:57:42,0.99228576599212,1,-0.0008724889,-0.006192747,0.0009888266,0.00633159777082371,1,-76.907770472121,209.380914460025,13029.3962553837,0,0.0503890741230876,NaN,11.933401169643,0,0
22-Apr-2026 04:57:52,0.992285791306116,1,-0.00080452405,0.0012409934,-0.0015499882,0.00214237881477838,1,-76.7098102457121,208.208541146209,13019.6764755663,0,0.0566039262595425,NaN,12.1090182354877,0,0
22-Apr-2026 04:58:02,0.992285772525556,1,-0.0032259037,0.003682119,0.00590281,0.00766861271077988,1,-76.5068441982918,207.069637502009,13009.5673918115,0,0.0516156528626049,NaN,12.2940559931061,0,0
22-Apr-2026 04:58:12,0.992285846245193,1,-0.0031378865,0.0011069175,0.0008457164,0.00343319592623513,1,-76.2990910526367,205.963502415449,12999.0692385645,0,0.066028965381952,NaN,12.487495784086,0,0
22-Apr-2026 04:58:22,0.992285874032986,1,-0.005553838,0.0060533085,0.0032853396,0.00884766164665808,1,-76.0867616029676,204.889386066653,12988.1822687035,0,0.0693410054013005,NaN,12.6773429618715,0,0
22-Apr-2026 04:58:32,0.992285899970194,1,-0.010431016,0.0009679192,0.00074019603,0.0105019451785282,1,-75.8700584910315,203.846500889776,12976.9067479674,0,0.0773720573681045,NaN,12.8802883660956,0,0
22-Apr-2026 04:58:42,0.992285917986929,1,-0.010316395,-0.0015979707,-0.0018281543,0.0105982859132358,1,-75.6491760817434,202.834031445463,12965.2429499826,0,0.0791472841887264,NaN,13.0790164840823,0,0
22-Apr-2026 04:58:52,0.9922859244657,1,-0.0027116565,0.0033461123,0.008115354,0.00918741089989555,1,-75.4243006959917,201.851141440956,12953.1911664064,0,0.0781211579603544,NaN,13.2841781060105,0,0
22-Apr-2026 04:59:02,0.992285868557046,1,-0.0051036347,0.003300729,0.0005730071,0.0061049353984408,1,-75.1956105979051,200.896981614363,12940.7517016262,0,0.0664950106694703,NaN,13.5035444595742,0,0
22-Apr-2026 04:59:12,0.99228595202059,1,-0.0024742666,0.0032417786,-0.004489811,0.00606543704237498,1,-74.9632760501868,199.970696657043,12927.9248681751,0,0.0847888913015925,NaN,13.7088371262825,0,0
22-Apr-2026 04:59:22,0.992285883676042,1,-0.012370948,-0.0017927713,0.00047301932,0.012509121896836,1,-74.7274596905906,199.071429348855,12914.7109976457,0,0.0744478972860787,NaN,13.9227326399441,0,0
22-Apr-2026 04:59:32,0.99228588221907,1,-0.014762553,0.0031645054,-0.0045578303,0.0157708871832892,1,-74.488316512181,198.19832681654,12901.1104283846,0,0.0749109759669253,NaN,14.1454777723034,0,0
22-Apr-2026 04:59:42,0.992285883756624,1,-0.0096525345,0.0006215939,0.007916057,0.0124988703360526,1,-74.2459942803368,197.350543218137,12887.1235159656,0,0.0749681408993876,NaN,14.3710308583308,0,0
22-Apr-2026 04:59:52,0.992285850403029,1,-0.0045643984,0.005606018,-0.0046163406,0.00857739885428298,1,-74.0006336923499,196.527243690574,12872.7506285502,0,0.0690104072728116,NaN,14.5896399685815,0,0
22-Apr-2026 05:00:02,0.99228581691696,1,-0.004469602,0.013098255,0.00035750552,0.0138444731311906,1,-73.7523685677114,195.727607674471,12857.9921429345,0,0.0623415897318441,NaN,14.8133756133006,0,0
22-Apr-2026 05:00:12,0.992285823708833,1,-0.014396331,-0.0068576834,0.0028021098,0.0161905524058771,1,-73.5013262518056,194.950830133322,12842.8484526853,0,0.0611906504344382,NaN,15.0305694431337,0,0
22-Apr-2026 05:00:22,0.992285891311011,1,-0.004275721,-0.0017831796,0.002727632,0.00537601114983229,1,-73.2476278085779,194.196123946112,12827.3199638412,0,0.0697777620332642,NaN,15.2469205995421,0,0
22-Apr-2026 05:00:32,0.992285810140827,1,-0.0016676417,-0.0017647501,0.00021454744,0.00243749920185412,1,-72.9913882329338,193.462721841517,12811.4070913889,0,0.0607006804041421,NaN,15.4936451114197,0,0
22-Apr-2026 05:00:42,0.992285871534269,1,-0.011556134,-0.004205269,0.002663825,0.012582705751107,1,-72.7327168381895,192.749876497527,12795.110266586,0,0.073016810757685,NaN,15.723476096825,0,0
22-Apr-2026 05:00:52,0.992285823479656,1,-0.008985245,0.010762237,-0.002305804,0.0142083463161837,1,-72.4717174545465,192.056861861958,12778.4299330698,0,0.0585345839232187,NaN,15.9850833803325,0,0
22-Apr-2026 05:01:02,0.992286004437567,1,-0.0038595526,-0.0017782571,-0.004800476,0.00641115546625124,1,-72.2084886398755,191.382974149627,12761.3665437537,0,0.0787301244333194,NaN,16.2342651217469,0,0
22-Apr-2026 05:01:12,0.992286240060473,1,-0.008741575,0.0006875746,0.00019405526,0.00877072116505387,1,-71.9431240333572,190.727531239808,12743.9205673043,0,0.10299951147823,NaN,16.4728365238114,0,0
22-Apr-2026 05:01:22,0.992285950710121,1,-0.006153762,0.0056622336,-0.0022755004,0.00866646284039879,1,-71.6757125449021,190.089873288657,12726.0924847109,0,0.0954211408987044,NaN,16.7214363178302,0,0
22-Apr-2026 05:01:32,0.992285835259256,1,-0.006034313,0.003122317,-0.004747879,0.00828879676606315,1,-71.4063385505247,189.469363137942,12707.8827865113,0,0.101097883707817,NaN,16.973570614411,0,0
22-Apr-2026 05:01:42,0.992285483712178,1,-0.008408537,0.0055942317,-0.0072297044,0.0124204488044931,1,-71.1350822066336,188.865385288037,12689.2919785586,0,0.109363700016575,NaN,17.2124046112792,0,0
22-Apr-2026 05:01:52,0.992284727589732,1,-0.015775999,0.0005622633,-0.002217277,0.0159409724220719,1,-70.8620196206454,188.277346089539,12670.3205789005,0,0.135533803688572,NaN,17.4547914869973,0,0
22-Apr-2026 05:02:02,0.992284461498023,1,-0.0056212745,0.0030349651,-0.0071916706,0.00961924457436615,1,-70.5872230276182,187.704673779255,12650.9691154664,0,0.154633683867371,NaN,17.6949585955824,0,0
22-Apr-2026 05:02:12,0.992284579665951,1,-0.005467723,0.0005230431,-0.00215073,0.0058987463432569,1,-70.3107610617481,187.146817246726,12631.2381310231,0,0.159739825587661,NaN,17.943401453762,0,0
22-Apr-2026 05:02:22,0.992284779887128,1,-0.0053961053,0.0030157086,-0.0070914105,0.00940747328714317,1,-70.0326989065995,186.60324597928,12611.1281804157,0,0.135695179695871,NaN,18.2038368171895,0,0
22-Apr-2026 05:02:32,0.9922847830017,1,-0.0102866655,0.0054876436,-0.004526758,0.0125068484191692,1,-69.7530984520701,186.073449876574,12590.6398287437,0,0.12215540088174,NaN,18.4684273236804,0,0
22-Apr-2026 05:02:42,0.992284658231142,1,-0.005136138,0.005466179,-0.009487007,0.0120938963214149,1,-69.4720185308812,185.556937847229,12569.7736559825,0,0.140861409262239,NaN,18.7192885279928,0,0
22-Apr-2026 05:02:52,0.992284530631738,1,-0.009996544,0.002965703,-0.016941825,0.0198935095083489,1,-69.1895150120222,185.053238173883,12548.5302518438,0,0.15299774037407,NaN,18.9655873504642,0,0
22-Apr-2026 05:03:02,0.992284395666449,1,-0.009872193,-0.002025658,-0.004383424,0.0109898994957183,1,-68.90564101417,184.561897091671,12526.910220039,0,0.150437118395805,NaN,19.2128298009518,0,0
22-Apr-2026 05:03:12,0.992284787676797,1,-0.0072790766,0.0054662325,-0.009310144,0.0130208845779947,1,-68.6204470254657,184.082478537261,12504.9141762662,0,0.134149749407435,NaN,19.489238047741,0,0
22-Apr-2026 05:03:22,0.99228493659719,1,-0.009679853,0.0054789055,-0.00674821,0.0130098538724937,1,-68.3339810274976,183.614563839858,12482.5427469822,0,0.127563658072561,NaN,19.7451312260823,0,0
22-Apr-2026 05:03:32,0.992285508799547,1,-0.02208041,0.0029692312,-0.0066900356,0.0232619306167055,1,-68.0462886632403,183.157750466438,12459.7965721675,0,0.127359780834892,NaN,20.0051489506324,0,0
22-Apr-2026 05:03:42,0.992285764294875,1,-0.011971028,-0.0020521183,-0.0041250936,0.0128270455718665,1,-67.757413340579,182.711651743678,12436.6763037088,0,0.132777097725451,NaN,20.2772951091591,0,0
22-Apr-2026 05:03:52,0.992285842966615,1,-0.009353255,0.0054245777,-0.009055944,0.0141038840058155,1,-67.4673963405444,182.275896529875,12413.1826045975,0,0.134060365509336,NaN,20.5398701290766,0,0
22-Apr-2026 05:04:02,0.992286284887203,1,-0.006812562,0.005389553,-0.0064836317,0.010839546234271,1,-67.1762769528837,181.850128046182,12389.3161508597,0,0.113487281850693,NaN,20.8196281220147,0,0
22-Apr-2026 05:04:12,0.992286618193034,1,-0.009273646,-0.0021518632,-0.008929651,0.0130525741655289,1,-66.8840925662132,181.434003593653,12365.0776303643,0,0.0989381156812829,NaN,21.0895900296198,0,0
22-Apr-2026 05:04:22,0.992286702587622,1,-0.0017153525,0.0028172063,-0.0013852743,0.0035774390871483,1,-66.5908787626684,181.027194241197,12340.46774242,0,0.0992660969123794,NaN,21.3500801792482,0,0
22-Apr-2026 05:04:32,0.992286252395756,1,-0.004236978,-0.0072186696,-0.0063332585,0.0104962534551272,1,-66.2966694252494,180.629383746864,12315.4871989034,0,0.0630366156556976,NaN,21.6307299539381,0,0
22-Apr-2026 05:04:42,0.992286089667099,1,0.00325787,0.0002493286,-0.0037975581,0.00500972346647533,1,-66.0014968165396,180.240268300464,12290.1367234568,0,0.0336096170897137,NaN,21.895557595578,0,0
22-Apr-2026 05:04:52,0.992286029547577,1,-0.0067664953,0.00021355013,-0.0037867478,0.00775696597928275,1,-65.7053916626223,179.859556226604,12264.4170515194,0,0.0263996761467667,NaN,22.1716494993836,0,0
22-Apr-2026 05:05:02,0.992286058663584,1,0.005667329,-0.009832918,0.0037225506,0.0119441315028982,1,-65.4083832351822,179.486967015696,12238.3289306192,0,0.0281818364520672,NaN,22.4528880810599,0,0
22-Apr-2026 05:05:12,0.992286060321058,1,-0.0043503526,-0.009860699,0.006210911,0.0124392269841357,1,-65.110499421334,179.12223108746,12211.8731199896,0,0.0287877131756665,NaN,22.7180829668921,0,0
22-Apr-2026 05:05:22,0.992286131582612,1,0.0031037312,-0.0048796097,0.0011965696,0.00590554967753483,1,-64.8117667987288,178.765089523285,12185.0503910172,0,0.0379679937821862,NaN,22.9868125400853,0,0
22-Apr-2026 05:05:32,0.992286151837855,1,-0.0019249967,7.253741e-05,0.00866484,0.00887639150761504,1,-64.5122106955683,178.415293200801,12157.8615267069,0,0.0347557465619426,NaN,23.2580223797627,0,0
22-Apr-2026 05:05:42,0.992286219174932,1,0.00053142686,-0.002467099,0.0011345187,0.00276697030413775,1,-64.2118552533525,178.072602583416,12130.3073217103,0,0.041991697582341,NaN,23.5297037116249,0,0
22-Apr-2026 05:05:52,0.992286501069009,1,0.0029399623,0.002496821,0.0036004044,0.00527640078794263,1,-63.9107234951612,177.73678748218,12102.3885832003,0,0.0618326243960744,NaN,23.8073976965857,0,0
22-Apr-2026 05:06:02,0.992286917251081,1,0.002856854,0.0024558865,0.008552929,0.00934588614082363,1,-63.6088373660298,177.407626287925,12074.1061294928,0,0.0759894104348732,NaN,24.0831770349244,0,0
22-Apr-2026 05:06:12,0.992286628764472,1,0.0078234775,-8.8098765e-05,0.005997725,0.0098583602470708,1,-63.3062177904404,177.084905789782,12045.4607905039,0,0.0698948567368647,NaN,24.347776265589,0,0
22-Apr-2026 05:06:22,0.992286522776773,1,0.002814769,0.0048644487,0.0009404427,0.00569826448581285,1,-63.0028847352186,176.768420960346,12016.4534090418,0,0.0583032410860014,NaN,24.6260205640991,0,0
22-Apr-2026 05:06:32,0.992286555957814,1,0.01277861,0.0023301684,0.00090887037,0.0130210830445828,1,-62.698857227711,176.457974237349,11987.0848381124,0,0.062552389520872,NaN,24.8915073489561,0,0
22-Apr-2026 05:06:42,0.992286340864303,1,0.0027849898,0.0022903278,0.0008514871,0.00370496962187591,1,-62.3941534340609,176.153375599567,11957.3559442023,0,0.0370127140454351,NaN,25.1575451812165,0,0
22-Apr-2026 05:06:52,0.992286378115625,1,0.0052512726,-0.005231932,0.008324911,0.0111468883339727,1,-62.0887906683842,175.85444190199,11927.2676041727,0,0.0416452964032555,NaN,25.42989674607,0,0
22-Apr-2026 05:07:02,0.992286189236301,1,-0.6197283,-0.8277401,-0.009053471,1.0340690520009,0,-61.7827854442202,175.560996728261,11896.8207064209,0,0.47184514268726,NaN,26.1347956163648,0,0
22-Apr-2026 05:07:12,0.992285757233871,1,-3.1012533,-3.4919012,-0.0005679729,4.67024050172104,0,-61.4761535311758,175.272870210239,11866.0161528582,1,42.4185531484584,42.1856155186124,66.4908331014606,0,0
22-Apr-2026 05:07:22,0.992285254182001,1,-1.6586897,-2.1841846,-0.044205338,2.74296700666832,0,-61.1689099536731,174.989898503962,11834.8548553193,1,78.2943380900496,62.4349307978284,102.23262590878,0,0
22-Apr-2026 05:07:32,0.992285971242167,1,-0.7204518,-1.0356761,-0.043233793,1.26235689925299,0,-60.8610690400455,174.711923657061,11803.3377371369,1,97.6655578849254,77.4894860487489,121.777692634727,0,0
22-Apr-2026 05:07:42,0.99228616861445,1,-0.2517142,-0.42482316,-0.028760042,0.494633092069129,0,-60.5526444768844,174.438793445788,11771.4657355455,1,106.336602697195,84.9098614492453,130.711452398876,0,0
22-Apr-2026 05:07:52,0.992285523277367,1,-0.050974198,-0.14413956,-0.0356174,0.156981466426763,0,-60.2436492951903,174.170360929021,11739.2397972609,1,109.640205307722,88.1183019252542,134.305276083375,0,0
22-Apr-2026 05:08:02,0.992286175520923,1,0.018818896,-0.027466193,-0.021422826,0.0395914142005352,1,-59.9340959177953,173.90648432783,11706.6608804573,1,110.621961652259,89.4031322766818,135.569113811921,0,0
22-Apr-2026 05:08:12,0.992285771285267,1,0.035972264,0.014628378,-0.026633378,0.04708853410213,1,-59.6239962124194,173.647026875429,11673.7299576225,1,110.655362026864,89.8845376137677,135.876837416414,0,0
22-Apr-2026 05:08:22,0.992287082890768,1,0.040761054,0.03442508,-0.021480879,0.0575150225489824,1,-59.313361466227,173.391856443291,11640.4480102799,1,110.316564228443,90.0395797641222,135.805944714067,0,0
22-Apr-2026 05:08:32,0.992287234914555,1,0.038194027,0.036837183,-0.026158923,0.0591612288781441,1,-59.0022024323531,173.140845429646,11606.8160313817,1,109.85471712596,90.0729035630875,135.605158292732,0,0
22-Apr-2026 05:08:42,0.992288005407835,1,0.03578294,0.036851212,-0.023230016,0.0563743227389279,1,-58.6905293823261,172.893870618913,11572.8350286222,1,109.337090615876,90.056659008348,135.347650755534,0,0
22-Apr-2026 05:08:52,0.992288340555213,1,0.035964582,0.034475375,-0.02775726,0.0570304140133398,1,-58.3783520697362,172.650812873756,11538.5060182591,1,108.792005645526,90.0104915140179,135.060342322166,0,0
22-Apr-2026 05:09:02,0.992289059661017,1,0.033681165,0.02965268,-0.029832289,0.0538856917364818,1,-58.065679777046,172.411557030717,11503.8300279974,1,108.279094777515,89.9886809027051,134.804463369674,0,0
22-Apr-2026 05:09:12,0.992289669563314,1,0.033875857,0.029869005,-0.021939876,0.0502104501679665,1,-57.7525213671182,172.175991764355,11468.8081006782,1,107.773667669306,89.963620163055,134.55263970251,0,0
22-Apr-2026 05:09:22,0.992291922723471,1,0.034044832,0.03518052,-0.024100833,0.0545671121159303,1,-57.4388852378622,171.944009342273,11433.4412873026,1,107.274877814922,89.9332867220622,134.303420251878,0,0
22-Apr-2026 05:09:32,0.992293839626246,1,0.031674106,0.035516765,-0.02133995,0.0521544154695167,1,-57.1247793687376,171.715505522948,11397.7306502972,1,106.792891450867,89.9257049143182,134.074231869984,0,0
22-Apr-2026 05:09:42,0.992294068332383,1,0.026734168,0.028326612,-0.021108784,0.044302296193419,1,-56.8102113723684,171.490379423291,11361.6772676432,1,106.317761911973,89.9150295955527,133.848438545843,0,0
22-Apr-2026 05:09:52,0.992294538858837,1,0.029278897,0.026168032,-0.023443887,0.0457344022149454,1,-56.4951884407586,171.26853333136,11325.2822250807,1,105.850116723508,89.9230459182593,133.634805196703,0,0
22-Apr-2026 05:10:02,0.992295506763307,1,0.031804457,0.03401337,-0.013287206,0.0484250210852632,1,-56.1797173917869,171.049872604536,11288.5466197539,1,105.368219924126,89.9143960796577,133.40503377409,0,0
22-Apr-2026 05:10:12,0.992295587544801,1,0.026826883,0.024363458,-0.018186383,0.0405463224452741,1,-55.8638047217737,170.834305538022,11251.4715648441,1,104.894522449896,89.9218100801153,133.186959328119,0,0
22-Apr-2026 05:10:22,0.992296161593215,1,0.03183444,0.02971806,-0.01811832,0.0471685083493171,1,-55.5474565296001,170.62174323387,11214.0581792564,1,104.416578436596,89.9262391291622,132.964819721635,0,0
22-Apr-2026 05:10:32,0.992295967903496,1,0.026813388,0.027577031,-0.013068943,0.0406232407120697,1,-55.2306786306247,170.412099482834,11176.3075996163,1,103.939753637664,89.9238135286504,132.740591587784,0,0
22-Apr-2026 05:10:42,0.992296224698338,1,0.026778024,0.032926347,-0.0055358615,0.0428001478812418,1,-54.9134764774004,170.205290661458,11138.2209696143,1,103.461755519013,89.9239206902447,132.516472227085,0,0
22-Apr-2026 05:10:52,0.992296164337481,1,0.031743675,0.028270647,-0.015536449,0.0452578350325536,1,-54.5958552076512,170.001235626959,11099.7994443933,1,102.992192386354,89.9340272496027,132.301789741582,0,0
22-Apr-2026 05:11:02,0.992296299727863,1,0.02420048,0.026116466,-0.010557598,0.0371375268978585,1,-54.2778196975236,169.799855582091,11061.0441958601,1,102.512799199527,89.9381539730846,132.078150862136,0,0
22-Apr-2026 05:11:12,0.992296959902985,1,0.034168065,0.026466083,-0.010612637,0.0445032389753924,1,-53.9593744870375,169.601074023376,11021.9564025517,1,102.022283986524,89.9393887368028,131.846017848109,0,0
22-Apr-2026 05:11:22,0.992297604064807,1,0.02663309,0.024314169,-0.008166986,0.036975667099227,1,-53.6405238297821,169.404816631148,10982.5372545437,1,101.5317445916,89.9365724594545,131.612090251768,0,0
22-Apr-2026 05:11:32,0.992297739611694,1,0.024085812,0.029637631,-0.01070962,0.0396637299246542,1,-53.3212717461733,169.211011130839,10942.7879590886,1,101.052532154734,89.9393884138042,131.38762737305,0,0
22-Apr-2026 05:11:42,0.992297678464765,1,0.031514335,0.029969692,-0.015794916,0.0462689433693287,1,-53.0016219430533,169.019587285784,10902.7097297321,1,100.576966874447,89.9424461006304,131.165436224649,0,0
22-Apr-2026 05:11:52,0.992298355295152,1,0.03394091,0.032809522,-0.008386918,0.0479457036556489,1,-52.6815778636465,168.830476782199,10862.3037915486,1,100.082799699392,89.9359382294829,130.927187364001,0,0
22-Apr-2026 05:12:02,0.992299142697478,1,0.031359915,0.030635823,-0.00097448257,0.0438514257005834,1,-52.3611427426727,168.643613084185,10821.57138732,1,99.6045440770474,89.9401434812015,130.703382984448,0,0
22-Apr-2026 05:12:12,0.992300505394551,1,0.028768426,0.033466134,-0.0035724423,0.0442760296708079,1,-52.0403195190258,168.458931469781,10780.513765722,1,99.1216866883585,89.9391632661765,130.474262310246,0,0
22-Apr-2026 05:12:22,0.992302195293688,1,0.028674114,0.03626285,-0.008671779,0.047036144132277,1,-51.7191108872143,168.27636890878,10739.1321870278,1,98.6384975932286,89.9415942826082,130.24618040261,0,0
22-Apr-2026 05:12:32,0.992303061587875,1,0.038565256,0.036574878,-0.0012814875,0.0531661817443483,1,-51.397519353314,168.095863911326,10697.4279296898,1,98.1563978502132,89.9415429298288,130.017506614965,0,0
22-Apr-2026 05:12:42,0.992304989168526,1,0.028479354,0.031876933,-0.008900434,0.0436626864397069,1,-51.0755471421109,167.917356603865,10655.4022777286,1,97.6667800894115,89.9461004106376,129.785975207746,0,0
22-Apr-2026 05:12:52,0.992307430788969,1,0.028396782,0.03469095,-0.0015230988,0.0448570960920631,1,-50.7531962492527,167.740788599899,10613.0565267991,1,97.1774982117371,89.9501966618333,129.554283517652,0,0
22-Apr-2026 05:13:02,0.992309305440064,1,0.033297077,0.029959971,-0.0066231624,0.0452787088954792,1,-50.4304684990823,167.566102839713,10570.3919913008,1,96.6989943588578,89.9536675406034,129.328690917281,0,0
22-Apr-2026 05:13:12,0.992309911117006,1,0.028183745,0.03271661,-0.006710771,0.0437005091449924,1,-50.1073654450766,167.393243706573,10527.4099907826,1,96.2166959140969,89.9592727969553,129.10148803578,0,0
22-Apr-2026 05:13:22,0.99231079491897,1,0.03557518,0.035460617,0.0032279247,0.0503335701885129,1,-49.7838884243426,167.222156887036,10484.1118565781,1,95.7394298493941,89.9654098516165,128.877330245114,0,0
22-Apr-2026 05:13:32,0.992312529089282,1,0.02297133,0.03569924,-0.00682611,0.0429966686648931,1,-49.4600386157757,167.052789203608,10440.4989392363,1,95.2528341073559,89.9718780343647,128.647428783295,0,0
22-Apr-2026 05:13:42,0.992313377004485,1,0.02786456,0.033440072,-0.0018701846,0.0435679895083175,1,-49.1358169358817,166.885088766355,10396.5725941841,1,94.7628929827043,89.9688113035981,128.410941571565,0,0
22-Apr-2026 05:13:52,0.992314458491547,1,0.032767374,0.038701396,0.00056417094,0.0507130864773012,1,-48.8112240938826,166.719004825059,10352.3341887012,1,94.258662193833,89.9637073298672,128.164722881037,0,0
22-Apr-2026 05:14:02,0.992316338551494,1,0.025173886,0.03147111,-0.004533268,0.0405549728113942,1,-48.4862606515764,166.554487591715,10307.7851098496,1,93.7630876782903,89.9664102186455,127.927068611443,0,0
22-Apr-2026 05:14:12,0.992317553935546,1,0.030063134,0.03422256,0.0003840047,0.0455535190568761,1,-48.1609268945379,166.391488471288,10262.9267466031,1,93.2726769691845,89.9620272632705,127.688944780419,0,0
22-Apr-2026 05:14:22,0.992318712835099,1,0.022458876,0.041943207,0.00030053165,0.047578609100108,1,-47.8352229844187,166.229959686766,10217.7605105279,1,92.7963810035547,89.9681442555122,127.46373364594,0,0
22-Apr-2026 05:14:32,0.99232000175557,1,0.02734357,0.032176636,-0.0022827873,0.0422873248441946,1,-47.5091488284339,166.069854525652,10172.2878176223,1,92.3052314373904,89.969207811565,127.227125128436,0,0
22-Apr-2026 05:14:42,0.992320247925982,1,0.0247213,0.039915405,0.00013749424,0.0469510504107209,1,-47.1827041360644,165.911127176501,10126.5100959305,1,91.808028219558,89.964073700254,126.983774842061,0,0
22-Apr-2026 05:14:52,0.99232155918078,1,0.024591759,0.03262019,-0.0024047736,0.0409220520308725,1,-46.8558884813839,165.753732533624,10080.4287942556,1,91.3266957117015,89.9703041198778,126.75475912284,0,0
22-Apr-2026 05:15:02,0.992322370291436,1,0.036953207,0.04032248,-0.0024262045,0.0547478617775258,1,-46.5287011847097,165.597626441298,10034.0453654784,1,90.8449721005636,89.9718853324014,126.522977181732,0,0
22-Apr-2026 05:15:12,0.992323242560201,1,0.03430495,0.04307626,0.0025300148,0.0551252641261547,1,-46.2011413715515,165.442765517271,9987.36127473653,1,90.3388486166485,89.958256932102,126.269497257517,0,0
22-Apr-2026 05:15:22,0.992324366890711,1,0.029149003,0.038335353,-0.005023981,0.0484200790025892,1,-45.8732080357343,165.289106947642,9940.37800851381,1,89.8430071061036,89.9537298439097,126.026019564396,0,0
22-Apr-2026 05:15:32,0.992324872367274,1,0.028987683,0.036046967,-0.0025562984,0.0463271438480446,1,-45.5448999161654,165.136608763351,9893.09705710617,1,89.3615723605429,89.9567809610583,125.794123436849,0,0
22-Apr-2026 05:15:42,0.992325512419472,1,0.023810083,0.046247967,0.00737502,0.052537466860331,1,-45.2162155575718,164.985229650971,9845.51992331021,1,88.8779908719257,89.9679362000269,125.564633329733,0,0
22-Apr-2026 05:15:52,0.992326649835294,1,0.021121075,0.033956688,0.0023366518,0.0400576635704008,1,-44.8871533744904,164.834928737182,9797.64813190118,1,88.3896474507844,89.9668298369558,125.326107227553,0,0
22-Apr-2026 05:16:02,0.992327038135501,1,0.028440911,0.041667435,0.002303011,0.0505011328353659,1,-44.5577115231231,164.685665896872,9749.48321123022,1,87.9005473175286,89.9638643715981,125.085880291199,0,0
22-Apr-2026 05:16:12,0.992327444424945,1,0.025764445,0.04187447,0.0022750166,0.0492184270824373,1,-44.2278879633745,164.537401551974,9701.02670235863,1,87.4151358570694,89.9698421472938,124.85180501683,0,0
22-Apr-2026 05:16:22,0.992327618143479,1,0.025581166,0.034585163,0.0072644562,0.0436268481274759,1,-43.8976805241294,164.390096443985,9652.28016898937,1,86.9225865104831,89.9621825340598,124.606596560364,0,0
22-Apr-2026 05:16:32,0.99232814967892,1,0.02041786,0.03481407,0.012195653,0.0421620970664519,1,-43.5670867708031,164.243711971253,9603.2451782772,1,86.422350677787,89.9636498731931,124.361332530865,0,0
22-Apr-2026 05:16:42,0.992328845573169,1,0.032765172,0.04007327,0.0046377517,0.0519704936046728,1,-43.2361040678539,164.09820997767,9553.92331029555,1,85.9139303193877,89.9543480112337,124.105805865476,0,0
22-Apr-2026 05:16:52,0.992329440202997,1,0.020103399,0.042795155,0.0046098772,0.0475060302553929,1,-42.9047296458106,163.953552511314,9504.31616849792,1,85.4226516896555,89.9459211671842,123.859828864345,0,0
22-Apr-2026 05:17:02,0.992330327903093,1,0.029942103,0.040510606,0.0070770932,0.0508696764164205,1,-42.572960463886,163.80970219206,9454.42535964435,1,84.9363570788199,89.945993565921,123.620515175614,0,0
22-Apr-2026 05:17:12,0.992330750890934,1,0.022298515,0.03820707,-0.0004625152,0.0442404553491525,1,-42.2407932735518,163.666621988001,9404.25250369559,1,84.451561442315,89.9576052704186,123.387538626703,0,0
22-Apr-2026 05:17:22,0.992332670471335,1,0.022147303,0.035871595,0.0070213145,0.042738427852762,1,-41.9082246870612,163.524274960278,9353.79924477805,1,83.9668045428062,89.9686851058564,123.153958938535,0,0
22-Apr-2026 05:17:32,0.992334113444133,1,0.02198904,0.041047204,0.0020284227,0.0466101419756376,1,-41.5752510347153,163.382624661674,9303.06723016355,1,83.4827723396049,89.9713460750524,122.916068053813,0,0
22-Apr-2026 05:17:42,0.992335210218761,1,0.03182131,0.03873076,0.0070457403,0.0506192650743642,1,-41.2418684302811,163.241634897795,9252.05812072107,1,82.9879528841092,89.963225311612,122.666365525929,0,0
22-Apr-2026 05:17:52,0.992335976090427,1,0.02666863,0.038915027,-0.0004391865,0.0471782580991436,1,-40.908072840388,163.101269459276,9200.77360230434,1,82.5002170206247,89.9717724230836,122.428743809243,0,0
22-Apr-2026 05:18:02,0.99233723395839,1,0.023982678,0.03913032,0.004610338,0.0461259797058916,1,-40.5738599123223,162.961492629948,9149.21536005059,1,82.0033393265578,89.9544787998362,122.172336034156,0,0
22-Apr-2026 05:18:12,0.992337536320299,1,0.033790175,0.044349138,-0.00034223983,0.055756067795128,1,-40.2392251629046,162.822268533237,9097.3851082424,1,81.5064386117104,89.9408002437351,121.917363471019,0,0
22-Apr-2026 05:18:22,0.992338553731023,1,0.021099705,0.029566051,0.0047029653,0.0366260399911679,1,-39.9041638042318,162.683561652791,9045.28456426055,1,81.0178549591369,89.9407009132926,121.673538145728,0,0
22-Apr-2026 05:18:32,0.992339228425078,1,0.020907933,0.03976145,0.0047592213,0.0451748243584561,1,-39.5686708112674,162.5453365693,8992.91545986669,1,80.5415827173585,89.9490432792341,121.440284328878,0,0
22-Apr-2026 05:18:42,0.992339126245293,1,0.028187757,0.03995688,-0.00019236254,0.0488992730761127,1,-39.2327409915006,162.407557674287,8940.27955313913,1,80.0577587946114,89.9493916943364,121.198360109403,0,0
22-Apr-2026 05:18:52,0.992339665634708,1,0.01797443,0.03514959,0.009856972,0.0406907078827806,1,-38.8963688308958,162.270189638612,8887.37860541407,1,79.5738727780757,89.949358165146,120.955752657944,0,0
22-Apr-2026 05:19:02,0.992339731418382,1,0.022772182,0.03785057,0.014898701,0.0466176920691429,1,-38.5595485608848,162.133197140045,8834.2143927947,1,79.0822746602359,89.9465634060904,120.707183093953,0,0
22-Apr-2026 05:19:12,0.992339921065251,1,0.022590736,0.043048363,-6.802175e-05,0.0486159185551393,1,-38.222274230371,161.996544557626,8780.78871878127,1,78.5916430547394,89.9497553970618,120.461910281012,0,0
22-Apr-2026 05:19:22,0.992339795283066,1,0.024903698,0.038246777,0.0024706041,0.0457068267284207,1,-37.8845395456936,161.860196470676,8727.10339020653,1,78.1020526399624,89.9438115900476,120.211808454239,0,0
22-Apr-2026 05:19:32,0.992339757034209,1,0.027227016,0.038448315,0.0024972812,0.0471785940866762,1,-37.5463379389011,161.724117369929,8673.1602292869,1,77.6096709247107,89.9417743381241,119.961924071214,0,0
22-Apr-2026 05:19:42,0.992339727000189,1,0.024564637,0.03863634,0.010015752,0.0468668694032669,1,-37.20766264064,161.588271336324,8618.96108674428,1,77.1263167735075,89.946912209208,119.720157965486,0,0
22-Apr-2026 05:19:52,0.992339706214743,1,0.016890483,0.046326883,0.007526655,0.0498810489059523,1,-36.8685065141306,161.452622569755,8564.50781675601,1,76.6369126756146,89.9457536481003,119.471389201819,0,0
22-Apr-2026 05:20:02,0.992339730080719,1,0.021703938,0.038988035,0.0075516314,0.0452565457660053,1,-36.52886212543,161.317135080061,8509.80228969236,1,76.1638533043334,89.9516880301737,119.234410390232,0,0
22-Apr-2026 05:20:12,0.992340451693171,1,0.019012991,0.04663531,0.0050825546,0.0506179644674118,1,-36.1887218157439,161.181772354366,8454.84640552292,1,75.690084902815,89.9582487052314,118.996915343695,0,0
22-Apr-2026 05:20:22,0.992340577559578,1,0.02131471,0.0417771,0.00011185435,0.0469004846263843,1,-35.8480775308207,161.046497909441,8399.64206803932,1,75.2100915747816,89.9587478423145,118.752404783555,0,0
22-Apr-2026 05:20:32,0.992341165128801,1,0.021109227,0.036911365,0.007634804,0.0432011407583083,1,-35.5069208909998,160.911274969167,8344.19119795912,1,74.7344306090437,89.9645314275124,118.512523784544,0,0
22-Apr-2026 05:20:42,0.992341749244351,1,0.015882544,0.042029902,0.010162074,0.0460655577847812,1,-35.1652432648433,160.776066112306,8288.49574695492,1,74.2611993284824,89.9699825057552,118.273178579524,0,0
22-Apr-2026 05:20:52,0.992341629720581,1,0.025660569,0.044575065,0.0051947157,0.0516951283232938,1,-34.8230355926113,160.640833851924,8232.55767097734,1,73.802149113563,89.9898071443421,118.048498218634,0,0
22-Apr-2026 05:21:02,0.992341895361145,1,0.027929384,0.04713192,0.00021639159,0.0547860858140649,1,-34.4802884564099,160.505540296759,8176.37894381466,1,73.3290950989519,90.0010222781246,117.811457441885,0,0
22-Apr-2026 05:21:12,0.992342137801743,1,0.022690892,0.04969341,0.012749992,0.0560970041373319,1,-34.1369921540583,160.370146781845,8119.96157161031,1,72.8534141338761,90.0055342656495,117.568813145115,0,0
22-Apr-2026 05:21:22,0.992342264354507,1,0.017423805,0.052276574,0.0028170794,0.0551757655696902,1,-33.7931365173392,160.234614470774,8063.30756545123,1,72.3734195543708,89.9896215247112,117.311905144131,0,0
22-Apr-2026 05:21:32,0.992342520606237,1,0.019649299,0.039882977,0.0003790488,0.0444622366010383,1,-33.4487109813011,160.09890400286,8006.41895527554,1,71.8955213221725,89.9824415964607,117.060407980677,0,0
22-Apr-2026 05:21:42,0.992342681297288,1,0.024369564,0.039998207,0.015411601,0.0493077038417745,1,-33.1037046594162,159.962975100633,7949.29780510263,1,71.4158639687507,89.9782090150846,116.809151587072,0,0
22-Apr-2026 05:21:52,0.992342619067813,1,0.016598769,0.037614938,0.010433933,0.0424177987513225,1,-32.7581061242941,159.826787320028,7891.94617957459,1,70.9422635704963,89.9810451064355,116.564363648343,0,0
22-Apr-2026 05:22:02,0.992342954151267,1,0.016336503,0.042726573,0.012960668,0.0475438774775424,1,-32.4119036262854,159.690299089953,7834.3661832725,1,70.4639706489391,89.9763256879546,116.312365965251,0,0
22-Apr-2026 05:22:12,0.992343028571309,1,0.01856922,0.05284448,0.0029873673,0.0560917049238469,1,-32.0650848717511,159.553468468875,7776.55992706222,1,69.9840483063198,89.9686275511627,116.057266824706,0,0
22-Apr-2026 05:22:22,0.992343026167898,1,0.023313709,0.040464513,0.015499802,0.049205179622709,1,-31.7176370924423,159.416252757796,7718.52954296054,1,69.5153410776236,89.9775367668095,115.816666106658,0,0
22-Apr-2026 05:22:32,0.992342948326,1,0.025564237,0.0455883,0.010522037,0.0533154440374601,1,-31.3695471195616,159.278608076495,7660.2772001565,1,69.0355624984205,89.9681826096111,115.559493617401,0,0
22-Apr-2026 05:22:42,0.992342884724502,1,0.020314937,0.043214023,0.005540267,0.0480712284801396,1,-31.0208011828603,159.14049003618,7601.80507513531,1,68.5622169102117,89.9611261392305,115.306156458423,0,0
22-Apr-2026 05:22:52,0.992343015320804,1,0.0250756,0.03833396,0.003041682,0.0459078428379152,1,-30.6713849809456,159.00185332459,7543.11536737155,1,68.0941409836266,89.9698050153478,115.063955431004,0,0
22-Apr-2026 05:23:02,0.992342919375052,1,0.017330943,0.04594701,0.010553865,0.0502282129848114,1,-30.3212837522865,158.862651269325,7484.21031552799,1,67.6228150976582,89.9657891776173,114.812133952328,0,0
22-Apr-2026 05:23:12,0.992343070114346,1,0.017081864,0.043548506,0.003064177,0.0468791172403434,1,-29.9704820692332,158.722836522873,7425.09216719247,1,67.1589176595379,89.9709226772847,114.568632230489,0,0
22-Apr-2026 05:23:22,0.992342976478202,1,0.021839034,0.04863515,0.0130889155,0.0548966386087691,1,-29.6189639043916,158.582360635984,7365.76319467885,1,66.6966734271789,89.9699076911186,114.321651301636,0,0
22-Apr-2026 05:23:32,0.992342749816012,1,0.026585728,0.051225465,0.018102976,0.0604860887957949,1,-29.2667127030443,158.441173586246,7306.22571225724,1,66.2335743516787,89.9738392263152,114.076535867029,0,0
22-Apr-2026 05:23:42,0.992342405692423,1,0.01883257,0.04380723,0.0031186084,0.0477856130172079,1,-28.9137111664942,158.299224494149,7246.4820446963,1,65.7861393464381,89.9840973009695,113.841980281071,0,0
22-Apr-2026 05:23:52,0.992342483361508,1,0.026056696,0.05141323,0.013133609,0.0591165231625998,1,-28.5599413181395,158.156461165703,7186.53454390274,1,65.3070170199753,89.9674651041249,113.575663196459,0,0
22-Apr-2026 05:24:02,0.992342567305423,1,0.018294081,0.038994316,0.008154395,0.0438374752666989,1,-28.2053845732295,158.01282959835,7126.38560661995,1,64.8507164984251,89.9704659024921,113.33120165706,0,0
22-Apr-2026 05:24:12,0.992342781140406,1,0.02054226,0.046565715,0.013178623,0.0525740084409107,1,-27.8500215133926,157.868274715501,7066.03764225343,1,64.4009639849964,89.9799891834615,113.093056728251,0,0
22-Apr-2026 05:24:22,0.992342728474415,1,0.025292087,0.044134814,0.01571123,0.053239216933977,1,-27.4938319501062,157.722739882604,7005.49309010553,1,63.9466938530695,89.9826724315586,112.847971250909,0,0
22-Apr-2026 05:24:32,0.992342800749159,1,0.022529138,0.05171119,0.010741817,0.0574194728528627,1,-27.136794992328,157.576166382573,6944.7544377876,1,63.4878178428486,89.9833987988408,112.5988211782,0,0
22-Apr-2026 05:24:42,0.992342929962294,1,0.024777588,0.041793615,0.015773974,0.0510828090223966,1,-26.7788888095928,157.428494173559,6883.82418808471,1,63.0317951286993,89.9819267277695,112.348952746843,0,0
22-Apr-2026 05:24:52,0.992343223677595,1,0.017033854,0.044387788,0.0058123777,0.0478979293931765,1,-26.4200906932382,157.279661370461,6822.70487702737,1,62.5704932127773,89.9723337480214,112.090932736575,0,0
22-Apr-2026 05:25:02,0.99234346909526,1,0.021805797,0.039488357,0.015869753,0.047819161239462,1,-26.0603771198472,157.129603691757,6761.39909285433,1,62.1169628822167,89.9731698752208,111.842129371304,0,0
22-Apr-2026 05:25:12,0.992343406486197,1,0.011591513,0.03960554,0.013422899,0.0433951171203048,1,-25.699723468763,156.97825538091,6699.90943632272,1,61.6590157907593,89.9675745589895,111.586573614637,0,0
22-Apr-2026 05:25:22,0.992343403576156,1,0.018884426,0.04971758,0.00598553,0.0535190234943312,1,-25.3381042531254,156.825547898921,6638.23856926216,1,61.1983057371814,89.9573016331908,111.32607862756,0,0
22-Apr-2026 05:25:32,0.992343309069936,1,0.016177882,0.049821462,0.008530296,0.0530722893012067,1,-24.9754928289588,156.671410852632,6576.38917444229,1,60.7506644229278,89.9575615549254,111.077314429524,0,0
22-Apr-2026 05:25:42,0.992343320225343,1,0.013484189,0.047422025,0.016057903,0.0518510178959464,1,-24.611861449135,156.515771414795,6514.36397495774,1,60.3052916433315,89.9593957877552,110.829766175312,0,0
22-Apr-2026 05:25:52,0.992343507714245,1,0.010775976,0.047517,0.008590284,0.0494750434760115,1,-24.2471813171456,156.358553714968,6452.1657541968,1,59.8597737504676,89.9571489761038,110.57881006118,0,0
22-Apr-2026 05:26:02,0.992343646699159,1,0.018085463,0.042597074,0.003622478,0.0464189296747171,1,-23.8814223183007,156.199679621933,6389.79732126307,1,59.4297528160174,89.9728447867656,110.345291760329,0,0
22-Apr-2026 05:26:12,0.992343766160247,1,0.012876065,0.042666357,0.0011580739,0.0445819717452418,1,-23.5145530640995,156.039068135108,6327.26153065677,1,58.9937447858708,89.9771475784195,110.101113459894,0,0
22-Apr-2026 05:26:22,0.992344092985062,1,0.0126595935,0.05272454,0.00870759,0.0549177981114041,1,-23.1465409422966,155.876634716918,6264.56130363374,1,58.5675023499071,89.9812037265739,109.86041191705,0,0
22-Apr-2026 05:26:32,0.992344333602253,1,0.014940902,0.047791157,0.011235436,0.0513172511158027,1,-22.7773518288176,155.712292093485,6201.69959253523,1,58.1325741346832,89.9850101289084,109.614686816576,0,0
22-Apr-2026 05:26:42,0.992344191284158,1,0.017198889,0.052851375,0.013777407,0.0572615627263926,1,-22.4069501254871,155.54594959002,6138.67940166444,1,57.6937516146694,89.9706029602427,109.354867058092,0,0
22-Apr-2026 05:26:52,0.99234386218375,1,0.021972803,0.0403899,0.011304039,0.0473490167944418,1,-22.0352988005488,155.377512414901,6075.50380945448,1,57.2743279221595,89.9821931931032,109.119322242327,0,0
22-Apr-2026 05:27:02,0.992344132667111,1,0.014235365,0.047926355,0.013817174,0.0518699857105776,1,-21.6623590812809,155.206882461143,6012.17593222863,1,56.8547827965024,89.9912029601517,108.881189385178,0,0
22-Apr-2026 05:27:12,0.992344113165602,1,0.023981072,0.047964327,0.016335342,0.0560581116083041,1,-21.288090482251,155.033957580117,5948.69894627792,1,56.4257333302283,89.9890990137041,108.630767982552,0,0
22-Apr-2026 05:27:22,0.992344208100968,1,0.016222743,0.050531726,0.013849164,0.0548491756226292,1,-20.9124508330186,154.858630812496,5885.07611080121,1,56.0020711718929,89.9829440404669,108.379268700022,0,0
22-Apr-2026 05:27:32,0.992344007555566,1,0.020950638,0.040589392,0.003846784,0.0458391287294966,1,-20.535395950169,154.680791173963,5821.31073152422,1,55.5834722696792,89.9766609574438,108.128991454073,0,0
22-Apr-2026 05:27:42,0.992344078476811,1,0.018176187,0.053143375,0.016340375,0.05849444362835,1,-20.1568796498654,154.500322872258,5757.40618352847,1,55.1668961162962,89.9750737123201,107.881608785474,0,0
22-Apr-2026 05:27:52,0.992344322331176,1,0.017914306,0.048194353,0.011311372,0.0526456565831658,1,-19.7768537639056,154.317104455277,5693.36593581266,1,54.7532527034254,89.986552730063,107.642885801181,0,0
22-Apr-2026 05:28:02,0.992344447246739,1,0.015130818,0.048241585,0.0137994215,0.0524081693097175,1,-19.3952677836351,154.13100958672,5629.19351428955,1,54.3319849909201,89.9728741470005,107.383592549854,0,0
22-Apr-2026 05:28:12,0.992344370579379,1,0.009845362,0.045749404,0.018783985,0.0504259577176922,1,-19.0120688564763,153.941906179131,5564.89252607578,1,53.9398926124582,89.9865349958892,107.154013969841,0,0
22-Apr-2026 05:28:22,0.992344550333473,1,0.014534661,0.045691267,0.016267499,0.0506318059540168,1,-18.6272017844939,153.749655454407,5500.466685492,1,53.5602384802375,90.0121175346653,106.936713478903,0,0
22-Apr-2026 05:28:32,0.99234495771935,1,0.014225503,0.05567827,0.021240983,0.0612667450139323,1,-18.2406086361047,153.554112692347,5435.9197767411,1,53.1577413381957,90.0153059455069,106.693577708798,0,0
22-Apr-2026 05:28:42,0.992345309091587,1,0.011440841,0.05072187,0.018683456,0.0552509951692105,1,-17.8522287224967,153.355126261581,5371.25567991773,1,52.7263167138394,89.996216134432,106.421815840271,0,0
22-Apr-2026 05:28:52,0.992345520773003,1,0.016162133,0.050746378,0.01362851,0.0549740457675135,1,-17.461998573511,153.15253657676,5306.47839858357,1,52.3242231298499,89.9970383096122,106.175082417755,0,0
22-Apr-2026 05:29:02,0.992345688877875,1,0.018362718,0.055762567,0.018588489,0.0615807211234176,1,-17.0698514672856,152.946177001216,5241.59201508062,1,51.9267386641784,89.9867281963093,105.922072539755,0,0
22-Apr-2026 05:29:12,0.992346186401325,1,0.015557297,0.045772675,0.016035942,0.0509344549635038,1,-16.6757176038527,152.735871743423,5176.60075543469,1,51.5377500256401,89.9896492604219,105.680328216415,0,0
22-Apr-2026 05:29:22,0.992346785178696,1,0.010252696,0.048221957,0.011008519,0.0505139822499833,1,-16.2795236069508,152.521436709438,5111.50894496193,1,51.1667512569068,90.0090408257605,105.45633385788,0,0
22-Apr-2026 05:29:32,0.992347561392391,1,0.012424079,0.043163642,0.0184735,0.0485667368880431,1,-15.8811924540296,152.302678313231,5046.32103774804,1,50.7971212637343,90.0256447188794,105.229988487342,0,0
22-Apr-2026 05:29:42,0.992347880570676,1,0.022075742,0.053120684,0.015937941,0.059692239167231,1,-15.4806434015813,152.079392202529,4981.04164766562,1,50.4136657661209,90.0240609735209,104.984257133303,0,0
22-Apr-2026 05:29:52,0.992348354352466,1,0.024225915,0.0481042,0.015903307,0.056158919049101,1,-15.0777914807795,151.851363817926,4915.67551196436,1,50.0351149921707,90.0128868957374,104.733229305198,0,0
22-Apr-2026 05:30:02,0.9923488141757,1,0.016382972,0.055633422,0.013344432,0.0595109509282577,1,-14.6725473890103,151.618367031927,4850.22752322512,1,49.6453822565143,89.9981129127572,104.473405468568,0,0
22-Apr-2026 05:30:12,0.992349188622306,1,0.013538777,0.05318469,0.018283838,0.0578464213678087,1,-14.2648173760434,151.380162682444,4784.70276326776,1,49.2630721275507,89.9824174306051,104.215020275589,0,0
22-Apr-2026 05:30:22,0.992349219342455,1,0.013219223,0.04073023,0.015703443,0.0456102797034931,1,-13.854502679763,151.13649899799,4719.10646789368,1,48.8835709422491,89.9789395488927,103.964604235678,0,0
22-Apr-2026 05:30:32,0.992349326580518,1,0.015421313,0.043244183,0.018122528,0.0493589128637599,1,-13.441499369745,150.887110021791,4653.44406183324,1,48.5214875687525,89.989986790739,103.730419694248,0,0
22-Apr-2026 05:30:42,0.992349614113367,1,0.010115668,0.04575608,0.02304578,0.0522211984912356,1,-13.0256981862484,150.631713896553,4587.72119640864,1,48.1607556646131,89.9933298027906,103.490414977415,0,0
22-Apr-2026 05:30:52,0.99234982205247,1,0.017314719,0.045770656,0.020462543,0.0530421352393184,1,-12.6069839035141,150.370013106598,4521.94371596832,1,47.8042745975267,89.9967206838079,103.251026083267,0,0
22-Apr-2026 05:31:02,0.992349895412792,1,0.014478864,0.048309676,0.010388059,0.0514914951010645,1,-12.185235116916,150.101692616944,4456.11769694166,1,47.4535639130707,89.9833571318585,103.001789041728,0,0
22-Apr-2026 05:31:12,0.992350308421681,1,0.014141113,0.043344006,0.015301753,0.0480917620583797,1,-11.7603240242135,149.82641784148,4390.24949014147,1,47.1013683005652,89.9758663541003,102.75430397134,0,0
22-Apr-2026 05:31:22,0.992350436967812,1,0.013856391,0.040887594,0.017709024,0.0466626665085301,1,-11.3321157014317,149.543834637996,4324.34568954208,1,46.7563395785208,89.9845230184065,102.51942184496,0,0
22-Apr-2026 05:31:32,0.992350663123323,1,0.008573207,0.040926836,0.020105414,0.0463975587218459,1,-10.9004678263238,149.253567061347,4258.41317716501,1,46.4016453717453,89.9797654749781,102.269599061641,0,0
22-Apr-2026 05:31:42,0.992351139496134,1,0.008288199,0.050954018,0.01752172,0.0545162073586041,1,-10.4652303856004,148.955214946042,4192.45917044391,1,46.0766849754033,89.981951469026,102.036832196184,0,0
22-Apr-2026 05:31:52,0.992351069328877,1,0.018017301,0.050995808,0.017422922,0.0568221240355863,1,-10.0262448579566,148.64835351873,4126.4911959268,1,45.7348826746333,89.9800732435979,101.791901001754,0,0
22-Apr-2026 05:32:02,0.992351187118365,1,0.01274894,0.0485375,0.022331111,0.0549281612278066,1,-9.58334385444276,148.332530690587,4060.51714018179,1,45.4047480738286,89.9789023666701,101.551384383995,0,0
22-Apr-2026 05:32:12,0.992351354467055,1,0.0124871805,0.056082137,0.01724403,0.0599874348340321,1,-9.13635075222381,148.007264083525,3994.54530550836,1,45.0734289070491,89.9724391733127,101.305168096765,0,0
22-Apr-2026 05:32:22,0.992351770589056,1,0.009744128,0.053622194,0.029678686,0.0620573293216894,1,-8.68507876357021,147.672040165326,3928.5843889576,1,44.7569311119078,89.9758363375378,101.071019474648,0,0
22-Apr-2026 05:32:32,0.992351705398832,1,0.016979437,0.04617068,0.022125259,0.0539403379514483,1,-8.2293304947722,147.32631088832,3862.643542717,1,44.447146791947,89.9699733086252,100.832296624232,0,0
22-Apr-2026 05:32:42,0.99235180227671,1,0.019212855,0.056218512,0.019536253,0.0625405474074634,1,-7.76889749653057,146.969490012934,3796.7324396673,1,44.1356417311584,89.9639628149577,100.591004887528,0,0
22-Apr-2026 05:32:52,0.992351904755428,1,0.006456091,0.0462578,0.016939929,0.0496832604240636,1,-7.30355915371393,146.600951829077,3730.8612518358,1,43.8425895729684,89.9774954220603,100.370154562184,0,0
22-Apr-2026 05:33:02,0.992352185774278,1,0.01119849,0.048796266,0.016865158,0.0528291142097596,1,-6.83308249238245,146.220025568772,3665.04076924994,1,43.5491251040413,89.9746048140888,100.136487233586,0,0
22-Apr-2026 05:33:12,0.992351973618791,1,0.01595347,0.048823476,0.01678734,0.0540375776477728,1,-6.35722100370737,145.825993518872,3599.2823864735,1,43.2537810136365,89.9748403306861,99.9023238082002,0,0
22-Apr-2026 05:33:22,0.992352434532157,1,0.01070259,0.03885615,0.02421639,0.0470189256593842,1,-5.87571408227559,145.418086079288,3533.59818542072,1,42.9754255532914,89.9807822890449,99.6787548982812,0,0
22-Apr-2026 05:33:32,0.9923524190609,1,0.012949336,0.04641568,0.019185089,0.0518668322981192,1,-5.38828648041484,144.995476328111,3468.00102625029,1,42.6923715530813,89.9637908970997,99.4358011517844,0,0
22-Apr-2026 05:33:42,0.992352672595068,1,0.0052044014,0.043966662,0.02165007,0.0492836554281383,1,-4.89464712006341,144.557276711965,3402.50455822551,1,42.4209412398277,89.9719819822976,99.2139097386901,0,0
22-Apr-2026 05:33:52,0.992352633009801,1,0.002454824,0.04650543,0.01411379,0.0486618972967555,1,-4.39448852868227,144.102532693188,3337.12332321171,1,42.1548143510911,89.9662647359249,98.9837311945961,0,0
22-Apr-2026 05:34:02,0.992352528739664,1,0.0022055905,0.046552736,0.02408843,0.0524621227020437,1,-3.88748632754081,143.630215771864,3271.87286910607,1,41.893678645857,89.9677478733511,98.7592821184952,0,0
22-Apr-2026 05:34:12,0.992353011032447,1,0.009465232,0.04660514,0.024076553,0.0533039407135648,1,-3.37329807413946,143.139218579317,3206.76978294011,1,41.634576503318,89.9606684162884,98.5284855153508,0,0
22-Apr-2026 05:34:22,0.992353663947416,1,0.011727463,0.04665234,0.011569679,0.0494755665763921,1,-2.85156283953778,142.62834664123,3141.83182255829,1,41.3889384999934,89.9669498465496,98.3120282477779,0,0
22-Apr-2026 05:34:32,0.992353796826189,1,0.011486052,0.04670571,0.009065372,0.0489441897128677,1,-2.32190092158379,142.096309332535,3077.07806125631,1,41.1442568942232,89.9640693646705,98.0883456107293,0,0
22-Apr-2026 05:34:42,0.992354003268265,1,0.006222588,0.041758083,0.014070436,0.0445020815971874,1,-1.78391295810495,141.541712797333,3012.5289529776,1,40.9130314709323,89.9637531755632,97.8719934669596,0,0
22-Apr-2026 05:34:52,0.992354098760028,1,0.013465899,0.044301216,0.016580896,0.0491818491632805,1,-1.23717995618821,140.963049234937,2948.20650225079,1,40.6899817621737,89.9644323464726,97.6592552836291,0,0
22-Apr-2026 05:35:02,0.992354463322115,1,0.010698145,0.046851218,0.014101448,0.0500833082994849,1,-0.681263642515862,140.358685107296,2884.13445286027,1,40.4748518000405,89.9590347162904,97.4454095713437,0,0
22-Apr-2026 05:35:12,0.992354477308085,1,0.005454041,0.041898176,0.019098869,0.0463677745038062,1,-0.11570634305173,139.72685122158,2820.33839738778,1,40.2587337002325,89.9686789148222,97.2396316185391,0,0
22-Apr-2026 05:35:22,0.992354428449179,1,0.0076953587,0.049436435,0.019129034,0.0535639766335925,1,0.459967876575147,139.065628787424,2756.84600120724,1,40.055473146766,89.9678311493929,97.0327742006503,1,0
22-Apr-2026 05:35:32,0.992354683378601,1,0.0024639403,0.03948005,0.019159012,0.0439523957324354,1,1.04625140579798,138.372934166281,2693.68725083544,1,39.8475234318781,89.9614071939768,96.8183346619358,1,0
22-Apr-2026 05:35:42,0.992354907410645,1,0.0097466735,0.054506637,0.014191896,0.0571610097307613,1,1.64365142069092,137.646505381502,2630.89462604864,1,39.6478280105005,89.9686920856937,96.6164090597908,1,0
22-Apr-2026 05:35:52,0.992355162891958,1,0.009544607,0.052067496,0.0042321794,0.053104001779228,1,2.25268633785,136.883884270789,2568.50339761811,1,39.4472777891169,89.9618311423714,96.4035078125246,1,0
22-Apr-2026 05:36:02,0.992355300344526,1,0.0018391068,0.047102854,0.019286338,0.050931561945589,1,2.87388093937791,136.082397211,2506.55195637686,1,39.2709757944289,89.9725941441347,96.2154972064773,1,0
22-Apr-2026 05:36:12,0.992355726501817,1,0.0041190935,0.049593363,0.014362285,0.0517952103512741,1,3.50776092131666,135.239137632779,2445.08207096216,1,39.1180080850759,89.9737339671843,96.034749704286,1,0
22-Apr-2026 05:36:22,0.992356231634834,1,0.011405163,0.047125705,0.014405942,0.0505810337944071,1,4.1548444662052,134.350944166857,2384.13928227282,1,38.9383540426432,89.975608355588,95.8376027448488,1,0
22-Apr-2026 05:36:32,0.992356212944283,1,0.011198618,0.0421555,0.016981216,0.0468065905850723,1,4.81563122152219,133.414377593041,2323.77333918102,1,38.7863262933504,89.9724723579938,95.6540334476936,1,0
22-Apr-2026 05:36:42,0.992356424652834,1,0.0009811535,0.042203628,0.012066995,0.0439058224713189,1,5.49058949287351,132.425700645778,2264.03855265232,1,38.6392183404784,89.9623475328148,95.4691910216165,1,0
22-Apr-2026 05:36:52,0.99235619732615,1,0.013262334,0.047226842,0.019652909,0.0528441192620598,1,6.18013764739267,131.38085200885,2204.99437385063,1,38.5057883941582,89.9677322850531,95.3033506673224,1,0
22-Apr-2026 05:37:02,0.992356492824043,1,0.010514876,0.047189623,0.01725444,0.0513336033791814,1,6.88462287334734,130.275426196127,2146.70583138282,1,38.3883583588165,89.9819263265693,95.1542802095922,1,0
22-Apr-2026 05:37:12,0.992356350673842,1,-0.0047208467,0.042177707,0.01485601,0.0449660582491155,1,7.60429292038333,129.104651137197,2089.24413409558,1,38.2702918516157,89.9914827428642,95.0029589533521,1,0
22-Apr-2026 05:37:22,0.992356839464673,1,0.0025425614,0.049731396,0.012458452,0.0513311736941392,1,8.33926090250024,127.863368567672,2032.68731728069,1,38.1456713947955,89.9694172653449,94.829155651596,1,0
22-Apr-2026 05:37:32,0.992357591428203,1,0.0073127006,0.039816283,0.010046367,0.0417102082457043,1,9.08946350232762,126.546022657344,1977.12080767647,1,38.0240195083816,89.9522782591825,94.6622237250729,1,0
22-Apr-2026 05:37:42,0.992358257575807,1,-0.0029216222,0.04737121,0.010152813,0.0485350082410274,1,9.85460834081128,125.146652791399,1922.63812990661,1,37.9396322133256,89.9502354933169,94.5334440811093,1,0
22-Apr-2026 05:37:52,0.992358663349482,1,0.0018535753,0.04743126,0.0052440143,0.047756254590985,1,10.6341103700828,123.658897419642,1869.34163026146,1,37.8424235797841,89.9465638285405,94.3975014560978,1,0
22-Apr-2026 05:38:02,0.992358528555356,1,0.0066254768,0.049964134,0.012828039,0.0520083667671156,1,11.4270180050336,122.076017145699,1817.34306860277,1,37.765544149703,89.9573748116869,94.2885565604094,1,0
22-Apr-2026 05:38:12,0.992359051484953,1,-0.0061064684,0.039988577,0.007904466,0.041217178816002,1,12.2319246901186,120.390936052174,1766.76429465654,1,37.6975685965623,89.9676145652178,94.1902766924086,1,0
22-Apr-2026 05:38:22,0.992358723692689,1,0.003677502,0.054996815,0.005478672,0.0553912405348338,1,13.0468671700886,118.596312142971,1717.73784998104,1,37.6284766096194,89.9740560786775,94.0938582842718,1,0
22-Apr-2026 05:38:32,0.992359107618205,1,0.005943961,0.050008576,0.018053027,0.0534985993254031,1,13.8692136969797,116.684649034305,1670.40731102765,1,37.5724565746383,89.9716813198054,94.0088142585271,1,0
22-Apr-2026 05:38:42,0.992359788340131,1,-0.0043001533,0.04502265,0.01311999,0.0470920849934052,1,14.6955408518305,114.648452280925,1624.92756099913,1,37.5296283117266,89.9734141598474,93.9434380350263,1,0
22-Apr-2026 05:38:52,0.992360553123971,1,0.0029339371,0.04250021,0.01569582,0.0454008216051566,1,15.5215059317999,112.480444883949,1581.46478379054,1,37.5037148660129,89.9789437307939,93.9018155679384,1,0
22-Apr-2026 05:39:02,0.992360675498125,1,-0.0023475736,0.05496203,0.018265968,0.0579653468074275,1,16.3417262550962,110.173855752413,1540.19594397691,1,37.4873756709111,89.9860819110115,93.8777857037414,1,0
22-Apr-2026 05:39:12,0.992360903911945,1,0.009874395,0.05493174,0.018331686,0.058745641945988,1,17.1496733994608,107.722783595425,1501.30790780184,1,37.4693954622112,89.9916353421628,93.8608753812132,1,0
22-Apr-2026 05:39:22,0.992360747012724,1,-0.00040132843,0.049906377,0.02088544,0.0541018403916951,1,17.9376019371587,105.122643911557,1464.99596013936,1,37.4572562443498,89.9936712586983,93.8575337392374,1,0
22-Apr-2026 05:39:32,0.992361186316605,1,-0.008151154,0.047411256,0.020938491,0.0524660739181648,1,18.6965380491539,102.370697243381,1431.46146245602,1,37.4499819484534,89.9792965007791,93.8628526138254,1,0
22-Apr-2026 05:39:42,0.99236126014244,1,0.0016186035,0.049938183,0.010977543,0.0511561183921195,1,19.4163477055582,99.4666361174342,1400.90883866476,1,37.4459508646932,89.972406768466,93.8857307106481,1,0
22-Apr-2026 05:39:52,0.992361142196939,1,0.0039010185,0.049964666,0.01602333,0.0526158996703259,1,20.0859125761195,96.4131995873602,1373.54170814894,1,37.4466782570992,89.9754446042924,93.9280275338033,1,0
22-Apr-2026 05:40:02,0.992361636146808,1,0.0036819826,0.039984602,0.013573987,0.042386065116277,1,20.693438444028,93.2167618190249,1349.55804251384,1,37.4772770228168,89.9734082486611,94.0090013962252,1,0
22-Apr-2026 05:40:12,0.992361743224696,1,0.0034687922,0.047523238,0.016120007,0.050302537659759,1,21.2268989934181,89.8878155647911,1329.144747852,1,37.4998770544455,89.9640709798697,94.0920972165723,1,0
22-Apr-2026 05:40:22,0.992362105288694,1,0.0032452121,0.050063033,0.016177379,0.0527119176851186,1,21.6746087546981,86.4412641874323,1312.47175609927,1,37.5459829228442,89.9543003136248,94.2100186371335,1,0
22-Apr-2026 05:40:32,0.992362110225012,1,-0.0019729764,0.05010097,0.01872779,0.0535231720762135,1,22.0258954700391,82.8964319592491,1299.68581080838,1,37.5972823771637,89.9584006100904,94.3465404407758,1,0
22-Apr-2026 05:40:42,0.992362368357051,1,-0.0021791519,0.04763516,0.016281933,0.0503880790807247,1,22.271800948057,79.2767201064328,1290.90477586992,1,37.6582527635796,89.9586588100906,94.501001319645,1,0
22-Apr-2026 05:40:52,0.992363065122147,1,0.012617759,0.05768243,0.013835404,0.0606456014623501,1,22.4057413265738,75.6088803930641,1286.21248500181,1,37.7167087672223,89.9583274233743,94.6604414867126,1,0
22-Apr-2026 05:41:02,0.992364008576274,1,-9.0515015e-05,0.045228664,0.021387773,0.0500307612783612,1,22.42402656685,71.9219356978253,1285.65500102407,1,37.7982810308009,89.9521642065431,94.8488583547787,1,0
22-Apr-2026 05:41:12,0.992364747533264,1,-0.0028024095,0.04777524,0.01394474,0.0498475960276009,1,22.3261646199289,68.2458438910637,1289.23850948341,1,37.8852927538458,89.9443709679617,95.0473471795914,1,0
22-Apr-2026 05:41:22,0.992365434854411,1,0.00200207,0.05032161,0.014021908,0.0522770180981802,1,22.1149048333998,64.6100496424066,1296.92894699541,1,37.9770985791509,89.9514841928495,95.2527710536449,1,0
22-Apr-2026 05:41:32,0.992365639676473,1,-0.0032136566,0.052860633,0.016593266,0.0554969421360328,1,21.7960062221263,61.0420983789931,1308.65366626313,1,38.0859307152075,89.9468479266005,95.4758707504828,1,0
22-Apr-2026 05:41:42,0.992365513583151,1,0.0065706056,0.045384094,0.01915778,0.0496981828710063,1,21.3777722858661,57.5664698752888,1324.30481874754,1,38.1971286353689,89.9565994003761,95.6983438068897,1,0
22-Apr-2026 05:41:52,0.992365372408141,1,0.0013821122,0.045379028,0.024230113,0.0514612941185017,1,20.8704274514531,54.2037400075322,1343.74398979953,1,38.3102695409634,89.9694794021534,95.9186490410705,1,0
22-Apr-2026 05:42:02,0.992365850966465,1,-0.0013044073,0.04788472,0.0018086928,0.0479366170847241,1,20.2854166881078,50.9701259901087,1366.80788052572,1,38.4356530642323,89.9734445252985,96.1476319659685,1,0
22-Apr-2026 05:42:12,0.992365911234459,1,0.0009907612,0.055389516,0.016877098,0.0579121449039084,1,19.6347178138248,47.8773996036181,1393.31440910878,1,38.564199954917,89.9718060531951,96.3759180615443,1,0
22-Apr-2026 05:42:22,0.992366032465407,1,0.0007846547,0.042880613,0.009440799,0.0439145914248602,1,18.9302365812725,44.9331026063769,1423.06867033894,1,38.7163315953023,89.9741200375028,96.6189753801012,1,0
22-Apr-2026 05:42:32,0.99236631090944,1,0.0005747841,0.042886913,0.011997566,0.04453716732523,1,18.1833207236714,42.1409853655558,1455.86860963467,1,38.8617240137965,89.9750430225199,96.8501291411565,1,0
22-Apr-2026 05:42:42,0.992366592552405,1,-0.0046158424,0.047896884,0.014556192,0.0502722609747359,1,17.4044124991973,39.5015739775599,1491.5100254066,1,39.0207704299691,89.9658308513075,97.0903491070813,1,0
22-Apr-2026 05:42:52,0.992366696306943,1,0.00020033102,0.05291522,0.012111943,0.0542840658333661,1,16.6028367286089,37.0127809095908,1529.79066479468,1,39.1807641652437,89.9687558166074,97.3208856961175,1,0
22-Apr-2026 05:43:02,0.992366756573301,1,7.398399e-06,0.047944184,0.01717168,0.0509265297088322,1,15.7867013860236,34.6705068357864,1570.51356510322,1,39.3575472115706,89.9593152544685,97.5636767863822,1,0
22-Apr-2026 05:43:12,0.992366781168294,1,-0.0051874234,0.05297045,0.00972301,0.0541046657710171,1,14.9628885914498,32.4691891257427,1613.48955773008,1,39.5383377404286,89.9545214435614,97.8016682344714,1,0
22-Apr-2026 05:43:22,0.99236684206647,1,0.0046150694,0.045479078,0.009794076,0.0467500730051909,1,14.1371113824615,30.4022707596496,1658.53894080494,1,39.7283800073006,89.9626172350854,98.0349564314108,1,0
22-Apr-2026 05:43:32,0.992367143313176,1,-0.0006032094,0.050495613,0.019879948,0.0542713840463713,1,13.3140095878688,28.4625910492501,1705.4925980719,1,39.9402391634739,89.961246798036,98.2825438316929,1,0
22-Apr-2026 05:43:42,0.992367070108036,1,-0.0083302045,0.050497256,0.022480031,0.0558991678319304,1,12.4972679390858,26.6426957898679,1754.19258529141,1,40.1496285412743,89.9622032882458,98.5209968869001,1,0
22-Apr-2026 05:43:52,0.992367277491288,1,0.003938711,0.045498323,0.005081774,0.0459503565507486,1,11.6897431794487,24.9350703599641,1804.49223455401,1,40.3594801644074,89.9629829625848,98.7542573610093,1,0
22-Apr-2026 05:44:02,0.992367705957993,1,0.006197149,0.037986845,0.017699216,0.0423635137328914,1,10.8935878461762,23.3323148958497,1856.25602501586,1,40.5828946150847,89.9606852454651,98.9932681903515,1,0
22-Apr-2026 05:44:12,0.992367784883681,1,-0.0040280754,0.04796783,0.007813226,0.0487666341555788,1,10.1103661370094,21.8272680744344,1909.35922528421,1,40.8007392319378,89.9718838931119,99.2163074594907,1,0
22-Apr-2026 05:44:22,0.992368038844279,1,0.0032256707,0.047935564,0.012956977,0.0497604913605308,1,9.34115922916402,20.4130856900481,1963.68732195231,1,41.0325228050492,89.9779846519026,99.4465210666063,1,0
22-Apr-2026 05:44:32,0.992368290809824,1,-0.0020151914,0.050398186,0.008100434,0.0510847842263975,1,8.58665620269612,19.0832943916806,2019.13545465305,1,41.272918703353,89.9907035754655,99.6738460865242,1,0
22-Apr-2026 05:44:42,0.99236845554893,1,0.00022983729,0.055381253,0.008279006,0.0559971244741899,1,7.8472333358088,17.8318151287642,2075.60770824258,1,41.5343738149257,89.9782513251356,99.9242881704257,1,0
22-Apr-2026 05:44:52,0.99236831137545,1,-0.007549188,0.050406687,0.010924437,0.0521264583253292,1,7.12302017408691,16.6529736241394,2133.01645248792,1,41.7863039675597,89.9624135328316,100.1671289986,1,0
22-Apr-2026 05:45:02,0.992368447660148,1,-0.0028097646,0.0454251,0.011074226,0.0468398651643714,1,6.41395458054121,15.5414982370832,2191.28168235452,1,42.0480282944735,89.9624712803326,100.402648465218,1,0
22-Apr-2026 05:45:12,0.992368335358741,1,-0.010562592,0.045459427,0.0037365605,0.0468197579799058,1,5.71982848950923,14.4925058765085,2250.33033838319,1,42.3073279055011,89.9570279669632,100.636691127692,1,0
22-Apr-2026 05:45:22,0.992368390489595,1,-0.0058241356,0.045476254,0.00643081,0.0462964960943677,1,5.04032461087195,13.5014859523079,2310.09570643349,1,42.5873803086833,89.9487505368717,100.880871638864,1,0
22-Apr-2026 05:45:32,0.99236852705947,1,-0.0010752283,0.045490626,0.006618293,0.0459821157843226,1,4.37504607002283,12.5642807516752,2370.51685123913,1,42.8592917907325,89.9583884910341,101.106125407165,1,0
22-Apr-2026 05:45:42,0.99236857451604,1,-0.008828349,0.045506716,0.00930718,0.0472802765085279,1,3.72354045591411,11.6770608672361,2431.53805674539,1,43.142076533783,89.9551953759836,101.342371876949,1,0
22-Apr-2026 05:45:52,0.992368964311764,1,0.0034341095,0.055525735,0.012000561,0.0569114559615455,1,3.08531848457426,10.8363032766995,2493.10834742782,1,43.425786671215,89.9512599794367,101.576844471387,1,0
22-Apr-2026 05:46:02,0.992369292219996,1,-0.0018172797,0.040531594,0.0097012995,0.0417160380390752,1,2.45986868483088,10.0387693665495,2555.18104700283,1,43.7188933551694,89.9584878715428,101.806160980602,1,0
22-Apr-2026 05:46:12,0.992369575653596,1,-0.0020725955,0.05053881,-0.00011430228,0.050581419843001,1,1.84666907718562,9.28148077628398,2617.71334927992,1,44.0096626096308,89.96228250583,102.034040024638,1,0
22-Apr-2026 05:46:22,0.992369083362825,1,-0.0023413366,0.05300645,9.676991e-05,0.0530582223891121,1,1.24519587176286,8.56169922670636,2680.66595775552,1,44.3217652633366,89.9777913135239,102.261926473171,1,0
22-Apr-2026 05:46:32,0.992369024336523,1,-0.007629004,0.050487593,0.005313847,0.0513364950001953,1,0.654930082815053,7.87690741947018,2744.00275692648,1,44.6398411512045,89.9694801166496,102.506155732233,1,0
22-Apr-2026 05:46:42,0.992369216449342,1,0.002089216,0.045489457,0.0055166516,0.0458703495356781,1,0.0753626517022011,7.22478863862766,2807.69049360911,1,44.949958127049,89.9674522029137,102.740219517968,1,0
22-Apr-2026 05:46:52,0.9923696222282,1,-0.0007125808,0.045494292,0.0057329666,0.0458596258381434,1,-0.494002020504484,6.60321042581833,2871.69851281137,1,45.278081656803,89.9591004692243,102.984729097016,0,0
22-Apr-2026 05:47:02,0.992369821001673,1,-0.011033968,0.048001718,0.013457557,0.0510589778705449,1,-1.053643567034,6.01020944792658,2935.99851737811,1,45.6215497203936,89.9524167070153,103.232762320374,0,0
22-Apr-2026 05:47:12,0.99236962410975,1,-0.001359161,0.0505067,0.0036704228,0.0506581293283189,1,-1.60402383389134,5.44397529341695,3000.56433480366,1,45.9460809170438,89.9534467460227,103.465100474598,0,0
22-Apr-2026 05:47:22,0.992369665990133,1,0.003323599,0.045491505,0.001405915,0.0456344161183755,1,-2.14558588261381,4.90283796893116,3065.37172548906,1,46.2871373592808,89.9606894495149,103.698275726616,0,0
22-Apr-2026 05:47:32,0.992369621553835,1,-0.006994167,0.045489922,0.0041070846,0.0462073535219399,1,-2.67875346442691,4.38525640796198,3130.39820792971,1,46.6170857924373,89.9685258897226,103.924510230789,0,0
22-Apr-2026 05:47:42,0.992369414430394,1,-0.002321088,0.045493588,0.0068130204,0.0460594316680993,1,-3.20393076439357,3.88980569192452,3195.62288782217,1,46.9600531840353,89.9630441435873,104.16392599902,0,0
22-Apr-2026 05:47:52,0.992368993674577,1,-0.002651856,0.04299788,0.0095399935,0.0441232535146625,1,-3.72150261263065,3.41516882940395,3261.02632454557,1,47.3177896029075,89.9543194614966,104.409992697939,0,0
22-Apr-2026 05:48:02,0.992368996598233,1,-0.0029771286,0.04300569,0.009755061,0.0441985733049242,1,-4.23183475030733,2.96012597702138,3326.59039231077,1,47.6639562004226,89.9579158272619,104.640998818753,0,0
22-Apr-2026 05:48:12,0.992369283623522,1,-0.0033310528,0.043006115,0.009949924,0.0442676273111106,1,-4.73527435991343,2.52354680617109,3392.29816732906,1,48.0287151919465,89.9560331557944,104.881721082095,0,0
22-Apr-2026 05:48:22,0.992369635311533,1,0.0012871714,0.043031055,0.015142401,0.0456357405184884,1,-5.23215068596713,2.10438352516576,3458.13382417593,1,48.4073224569672,89.9392141613212,105.137042586456,0,0
22-Apr-2026 05:48:32,0.99236959141327,1,0.0009265078,0.040538393,0.0027980465,0.0406454030357933,1,-5.7227756806469,1.7016627569913,3524.08253583534,1,48.7657611567221,89.9448152235814,105.366896216019,0,0
22-Apr-2026 05:48:42,0.992369694027637,1,0.0005880708,0.050506543,0.005494947,0.0508079831877774,1,-6.20744475704116,1.31447994515927,3590.13039085853,1,49.1254973837825,89.963792925671,105.58606619629,0,0
22-Apr-2026 05:48:52,0.992369790644601,1,-0.0022442332,0.050489876,0.0031894648,0.0506402690243821,1,-6.68643755041018,0.941994216246715,3656.26431663485,1,49.4913388987382,89.9653402493646,105.818944815786,0,0
22-Apr-2026 05:49:02,0.992370374902995,1,-0.0025852583,0.055465393,0.008365364,0.0561522278807766,1,-7.16001866366053,0.583422091738589,3722.47200664726,1,49.8605213508666,89.9707462508065,106.048981731532,0,0
22-Apr-2026 05:49:12,0.99237008330568,1,-0.00791673,0.045453683,0.011052087,0.0474432349151379,1,-7.62843844246704,0.238033395355876,3788.74185888339,1,50.2433108414824,89.9620544037971,106.293078925719,0,0
22-Apr-2026 05:49:22,0.992370415859469,1,-0.0032199682,0.05045437,-0.0012572184,0.0505726432511809,1,-8.09193372316079,359.905147468315,3855.06291826151,1,50.620710437613,89.9574699471578,106.531031298361,0,0
22-Apr-2026 05:49:32,0.99237062145779,1,-0.0035307559,0.050446387,0.0064358725,0.050977687799815,1,-8.55072855726861,359.584128264923,3921.42482383413,1,51.0023910920417,89.9603684088325,106.763791394128,0,0
22-Apr-2026 05:49:42,0.992371096183813,1,-0.01133973,0.047936343,0.009111276,0.0500948880329593,1,-9.00503492237734,359.274381353702,3987.8177623064,1,51.3933421918783,89.9589972010549,107.001785538416,0,0
22-Apr-2026 05:49:52,0.99237110809794,1,-0.0066395374,0.047922634,0.0067749005,0.048852447054051,1,-9.45505339354096,358.975351129019,4054.23242415305,1,51.7791487189451,89.9598521509185,107.235279400662,0,0
22-Apr-2026 05:50:02,0.992371428592244,1,-0.009426705,0.0429178,0.006924521,0.0444831351758896,1,-9.90097379849446,358.686516944757,4120.65996556422,1,52.1621378120282,89.9652635129936,107.46337286937,0,0
22-Apr-2026 05:50:12,0.9923716857763,1,-0.0022429142,0.04790298,0.0045539453,0.0481712006782513,1,-10.3429758343301,358.407390914462,4187.09197276061,1,52.5731279590623,89.9516827194626,107.714041750432,0,0
22-Apr-2026 05:50:22,0.992371953004267,1,-0.010059908,0.042879466,0.00966856,0.0450924761560864,1,-10.7812296430635,358.137515852151,4253.52042792665,1,52.9794938193691,89.9557224812306,107.948816998407,0,0
22-Apr-2026 05:50:32,0.992372053436601,1,-0.0028641245,0.052858848,0.01476996,0.0549582818093889,1,-11.215896384104,357.876462192127,4319.93768218017,1,53.3845240798287,89.9509650754611,108.188764968805,0,0
22-Apr-2026 05:50:42,0.992372656261802,1,-0.013170156,0.05031536,0.017364992,0.0548327585313196,1,-11.6471287530831,357.623826370131,4386.33642765123,1,53.783905665602,89.9638793704038,108.412532394275,0,0
22-Apr-2026 05:50:52,0.99237335367574,1,-0.008477192,0.045266826,0.009969559,0.0471204883991414,1,-12.0750714623446,357.379229300801,4452.7096704824,1,54.1918473967014,89.9692826108543,108.643760928249,0,0
22-Apr-2026 05:51:02,0.992373641946463,1,-0.011309151,0.0502002,0.010074389,0.0524352008683491,1,-12.4998617331627,357.142313895809,4519.05071215561,1,54.6114496385598,89.9704017322057,108.880969820586,0,0
22-Apr-2026 05:51:12,0.992373562605282,1,-0.004131953,0.050136216,0.0076745246,0.0508882257327652,1,-12.9216297241582,356.91274387416,4585.35312716021,1,55.0193202696763,89.9812600776806,109.10613416926,0,0
22-Apr-2026 05:51:22,0.992374238607036,1,-0.0069920383,0.055070568,0.012781847,0.0569651794709953,1,-13.3404989259032,356.690202630917,4651.61074111606,1,55.4486575360436,89.9764670264093,109.34899534114,0,0
22-Apr-2026 05:51:32,0.992374276775981,1,-0.009850586,0.055001702,0.007880988,0.0564298789587249,1,-13.7565865881607,356.474391112216,4717.81761954845,1,55.8765396632065,89.9782433797007,109.585444581111,0,0
22-Apr-2026 05:51:42,0.992374184503474,1,0.004787519,0.052438293,0.012968885,0.054229944579286,1,-14.1700040373898,356.265027462615,4783.96804449922,1,56.3032281778458,89.9748898538502,109.824591671656,0,0
22-Apr-2026 05:51:52,0.992374452056799,1,-0.0055662976,0.04987347,0.008034477,0.0508222343022834,1,-14.5808570611406,356.061845139494,4850.05650657384,1,56.7217661706696,89.978087988654,110.055422105091,0,0
22-Apr-2026 05:52:02,0.992374904030436,1,-0.010911103,0.04478775,0.010583213,0.0472969250178326,1,-14.9892462113987,355.86459220443,4916.07768867128,1,57.1429155089665,89.9873132743171,110.281571016398,0,0
22-Apr-2026 05:52:12,0.992375436092715,1,-0.013759174,0.052189313,0.010581444,0.0550000565245108,1,-15.3952670827257,355.673030621435,4982.0264498289,1,57.5657826317064,89.997351905424,110.506828144955,0,0
22-Apr-2026 05:52:22,0.992375520406981,1,-0.009075229,0.054616537,0.00556508,0.0556443708804512,1,-15.7990106370409,355.486934802771,5047.89782062334,1,58.0000095033352,89.9845232709285,110.752290199015,0,0
22-Apr-2026 05:52:32,0.992376157614107,1,-0.009346413,0.052053798,0.013041752,0.0544705481652322,1,-16.2005634480156,355.306091083671,5113.68698933252,1,58.4225669257014,89.9800257986488,110.987167568856,0,0
22-Apr-2026 05:52:42,0.992376714127541,1,-0.012113642,0.039471883,0.010543288,0.0426137394735641,1,-16.6000079238921,355.13029719696,5179.38928797845,1,58.8548356848973,89.9828250029111,111.218436526957,0,0
22-Apr-2026 05:52:52,0.992377247071749,1,-0.014866912,0.046898402,0.0030504297,0.049292903180113,1,-16.9974225880466,354.959361064845,5245.00019111799,1,59.288541951898,89.9822973384497,111.451951300915,0,0
22-Apr-2026 05:53:02,0.992377286618796,1,-0.0026145568,0.061821576,0.013065492,0.0632412068795834,1,-17.3928822742251,354.793100413072,5310.51530372716,1,59.7319303811044,89.9781154439596,111.690308952468,0,0
22-Apr-2026 05:53:12,0.992377242653424,1,-0.010347797,0.049253516,0.0055575497,0.0506346926502318,1,-17.7864583038629,354.631342373059,5375.93034888981,1,60.1620317451695,89.9838178852806,111.916514650972,0,0
22-Apr-2026 05:53:22,0.992377257883026,1,-0.018094737,0.05167594,0.01805862,0.0576535865171211,1,-18.1782187306638,354.473922474099,5441.24116931041,1,60.6146534691495,89.9807057379914,112.155157892081,0,0
22-Apr-2026 05:53:32,0.992377188981244,1,-0.015851079,0.044107478,0.0130582675,0.0486543386666213,1,-18.5682284952502,354.320684360254,5506.44371643518,1,61.0669992153428,89.9764907976651,112.393849451194,0,0
22-Apr-2026 05:53:42,0.992377197232938,1,-0.016106328,0.04154355,0.010551885,0.0457888919422529,1,-18.9565495653642,354.171479484287,5571.53403940525,1,61.5162678175176,89.9736553376106,112.629894299053,0,0
22-Apr-2026 05:53:52,0.992377155188672,1,-0.008862751,0.0539949,0.010558289,0.055726789319909,1,-19.3432411509539,354.02616626801,5636.50828871266,1,61.9719612317893,89.9634189483935,112.872783865585,0,0
22-Apr-2026 05:54:02,0.992377270031068,1,-0.014148778,0.048949968,0.010582514,0.052041107680895,1,-19.7283598259195,353.884609890771,5701.36270629423,1,62.4386101888187,89.9570148970308,113.114938825423,0,0
22-Apr-2026 05:54:12,0.992377275271923,1,-0.019418262,0.043923564,0.0106083,0.0491821553254098,1,-20.1119596373407,353.746682054054,5766.0936153413,1,62.8934598965018,89.9615496167783,113.344598148829,0,0
22-Apr-2026 05:54:22,0.99237754831921,1,-0.019714167,0.04389558,0.015619479,0.0505908929380746,1,-20.4940922972761,353.612260278744,5830.69742579206,1,63.3516927314962,89.9545396399034,113.583567867122,0,0
22-Apr-2026 05:54:32,0.992377495804017,1,-0.020024039,0.046326462,0.015667364,0.0528447680855869,1,-20.8748072771169,353.481227747546,5895.17062507831,1,63.8192879719486,89.9585761953949,113.815636152337,0,0
